,order_status,customer,order_date,order_quantity,sales,discount,discount_value,product_category,product_sub_category
0,Order Finished,Muhammed Mac Intyre,2010-10-13,6,523080,0.04,20923,Office Supplies,Storage & Organization
4,Order Finished,Carl Jackson,2011-06-17,12,187080,0.03,5612,Office Supplies,Binders & Binder Accessories
5,Order Finished,Monica Federle,2011-03-24,21,5563640,0.07,389455,Office Supplies,Storage & Organization
6,Order Returned,Dorothy Badders,2010-02-26,44,456820,0.07,31977,Office Supplies,Paper
7,Order Finished,Neola Schneider,2010-11-23,45,393700,0.01,3937,Office Supplies,Paper
8,Order Finished,Carlos Daly,2012-06-08,32,1433680,0.0,0,Office Supplies,Appliances
9,Order Finished,Claudia Miner,2012-08-04,15,161220,0.02,3224,Office Supplies,Binders & Binder Accessories
12,Order Finished,Sylvia Foulston,2012-02-14,44,8924460,0.04,356978,Furniture,Bookcases
15,Order Finished,Carl Ludwig,2011-03-09,33,1023660,0.1,102366,Office Supplies,Binders & Binder Accessories
18,Order Finished,Carl Ludwig,2010-12-23,25,24056460,0.01,240565,Technology,Copiers & Fax
19,Order Finished,Carlos Soltero,2010-11-08,28,740960,0.04,29638,Office Supplies,Storage & Organization
21,Order Finished,Don Miller,2011-01-01,10,133080,0.01,1331,Technology,Computer Peripherals
23,Order Finished,Jack Garza,2010-09-23,27,2156980,0.08,172558,Technology,Computer Peripherals
24,Order Finished,Julia West,2011-07-19,39,7108920,0.07,497624,Furniture,Chairs & Chairmats
25,Order Finished,Eugene Barchas,2009-10-09,47,383340,0.0,0,Office Supplies,Binders & Binder Accessories
27,Order Finished,Brad Eason,2012-10-08,5,85320,0.06,5119,Office Supplies,Binders & Binder Accessories
28,Order Finished,Nicole Hansen,2012-05-02,21,854640,0.0,0,Office Supplies,Paper
29,Order Finished,Dorothy Wardle,2010-03-08,8,1640568,0.0,0,Technology,Telephones & Communication
30,Order Finished,Aaron Bergman,2011-05-28,5,29520,0.01,295,Office Supplies,Labels
31,Order Finished,Jim Radford,2010-09-19,9,179100,0.06,10746,Office Supplies,Appliances
34,Order Finished,Clay Rozendal,2009-01-30,42,2570740,0.1,257074,Technology,Computer Peripherals
36,Order Finished,Beth Thompson,2010-11-07,22,259240,0.05,12962,Office Supplies,Paper
37,Order Finished,Frank Price,2010-04-29,12,237940,0.09,21415,Furniture,Office Furnishings
38,Order Finished,Michelle Lonsdale,2011-12-31,8,123743,0.0,0,Technology,Telephones & Communication
40,Order Finished,Joy Bell,2011-11-12,44,7844840,0.08,627587,Furniture,Office Furnishings
43,Order Finished,Grant Carroll,2012-07-21,40,510960,0.04,20438,Office Supplies,Paper
44,Order Finished,Adrian Hane,2012-06-12,11,624720,0.07,43730,Office Supplies,Pens & Art Supplies
46,Order Finished,Andrew Gjertsen,2010-06-04,40,872340,0.08,69787,Office Supplies,Storage & Organization
47,Order Finished,Ralph Knight,2010-02-18,18,272580,0.05,13629,Office Supplies,Binders & Binder Accessories
48,Order Finished,Dorothy Wardle,2011-11-16,32,2622500,0.0,0,Technology,Computer Peripherals
49,Order Finished,Grant Carroll,2011-08-07,22,12792400,0.02,255848,Furniture,Chairs & Chairmats
52,Order Finished,Sylvia Foulston,2011-08-28,4,2533440,0.04,101338,Furniture,Chairs & Chairmats
55,Order Finished,Beth Paige,2011-05-17,5,48320,0.08,3866,Office Supplies,Binders & Binder Accessories
57,Order Finished,Bryan Davis,2011-10-10,7,4079120,0.04,163165,Office Supplies,Storage & Organization
64,Order Finished,Doug Bickford,2011-05-27,25,1709760,0.09,153878,Furniture,Office Furnishings
66,Order Finished,Anthony Johnson,2011-08-19,20,801140,0.05,40057,Office Supplies,Paper
70,Order Finished,Doug Bickford,2010-04-12,15,3039800,0.09,273582,Furniture,Office Furnishings
71,Order Finished,Carl Jackson,2010-08-24,30,204480,0.09,18403,Office Supplies,Labels
72,Order Finished,Brendan Dodson,2011-07-04,6,1931380,0.0,0,Furniture,Tables
77,Order Finished,Hunter Glantz,2012-03-23,5,73720,0.07,5160,Office Supplies,Binders & Binder Accessories
80,Order Finished,Jim Radford,2009-03-03,34,148600,0.08,11888,Furniture,Office Furnishings
84,Order Finished,Grant Carroll,2009-09-11,40,921360,0.01,9214,Office Supplies,Storage & Organization
89,Order Finished,Doug Bickford,2011-10-09,1,80200,0.09,7218,Office Supplies,Binders & Binder Accessories
90,Order Finished,Beth Thompson,2012-10-23,34,10701220,0.09,963110,Furniture,Bookcases
91,Order Finished,Ralph Knight,2012-01-08,15,621740,0.07,43522,Technology,Computer Peripherals
93,Order Returned,Dorothy Badders,2011-01-27,42,567160,0.03,17015,Furniture,Office Furnishings
94,Order Finished,Delfina Latchford,2009-08-27,50,4132320,0.02,82646,Office Supplies,Paper
95,Order Finished,Julia West,2011-03-17,18,9210720,0.02,184214,Furniture,Chairs & Chairmats
96,Order Finished,Brad Eason,2012-06-06,31,852680,0.0,0,Furniture,Office Furnishings
97,Order Finished,Thomas Seio,2011-04-11,36,3674880,0.01,36749,Furniture,Bookcases
99,Order Finished,Michelle Lonsdale,2012-05-16,3,242240,0.1,24224,Technology,Computer Peripherals
102,Order Finished,Don Jones,2009-07-22,9,505580,0.09,45502,Office Supplies,Binders & Binder Accessories
103,Order Finished,Carlos Soltero,2010-05-09,10,101940,0.09,9175,Office Supplies,Pens & Art Supplies
104,Order Finished,Nicole Hansen,2009-02-18,30,21109260,0.09,1899833,Furniture,Chairs & Chairmats
107,Order Finished,Carlos Soltero,2010-04-15,25,289680,0.09,26071,Office Supplies,Paper
109,Order Finished,Muhammed Mac Intyre,2010-09-21,7,3621340,0.09,325921,Furniture,Chairs & Chairmats
110,Order Finished,Muhammed Mac Intyre,2010-08-17,31,1267120,0.09,114041,Technology,Computer Peripherals
111,Order Finished,Don Miller,2009-09-16,27,1288800,0.04,51552,Office Supplies,Paper
112,Order Finished,Sylvia Foulston,2009-06-22,7,2423960,0.1,242396,Furniture,Chairs & Chairmats
115,Order Finished,Ann Chong,2009-10-09,30,228240,0.05,11412,Office Supplies,Binders & Binder Accessories
116,Order Finished,Clay Rozendal,2010-12-05,9,346834,0.0,0,Technology,Telephones & Communication
118,Order Returned,Brendan Dodson,2009-07-27,21,512240,0.03,15367,Office Supplies,Appliances
120,Order Finished,Alan Barnes,2009-01-11,31,2286900,0.06,137214,Technology,Computer Peripherals
121,Order Finished,Alan Barnes,2010-08-15,2,84620,0.06,5077,Technology,Office Machines
122,Order Finished,Nicole Hansen,2009-08-05,49,165220,0.08,13218,Office Supplies,Pens & Art Supplies
124,Order Finished,Chad Cunningham,2011-10-22,42,870480,0.08,69638,Office Supplies,Paper
126,Order Finished,Adrian Hane,2010-07-03,32,109560,0.02,2191,Office Supplies,Pens & Art Supplies
127,Order Returned,Rick Reed,2009-01-30,31,32133700,0.07,2249359,Technology,Office Machines
129,Order Finished,Fred Wasserman,2009-08-10,35,3330079,0.02,66602,Technology,Telephones & Communication
130,Order Finished,Becky Castell,2010-04-01,21,2099580,0.08,167966,Furniture,Office Furnishings
131,Order Finished,Beth Thompson,2010-07-31,49,931660,0.1,93166,Furniture,Office Furnishings
132,Order Finished,Claudia Miner,2009-05-29,13,483412,0.0,0,Technology,Telephones & Communication
135,Order Finished,Carlos Soltero,2011-02-08,13,243320,0.03,7300,Office Supplies,Binders & Binder Accessories
137,Order Returned,Julia West,2009-01-06,30,52266780,0.04,2090671,Furniture,Bookcases
139,Order Finished,Joy Bell,2010-08-26,26,1063320,0.08,85066,Technology,Computer Peripherals
144,Order Finished,Bryan Mills,2011-08-10,23,2006620,0.01,20066,Furniture,Office Furnishings
146,Order Finished,Sylvia Foulston,2012-06-28,47,19267180,0.06,1156031,Furniture,Chairs & Chairmats
147,Order Finished,Carl Ludwig,2011-03-23,6,287560,0.04,11502,Furniture,Office Furnishings
150,Order Finished,Mike Pelletier,2010-07-29,29,1186640,0.03,35599,Technology,Computer Peripherals
153,Order Finished,Charles Mc Crossin,2010-08-20,49,241540,0.03,7246,Office Supplies,Rubber Bands
154,Order Finished,Annie Cyprus,2010-06-27,22,1591480,0.0,0,Furniture,Chairs & Chairmats
155,Order Finished,Carlos Soltero,2012-10-29,36,1394820,0.04,55793,Office Supplies,Paper
156,Order Finished,Doug Bickford,2010-01-16,30,9369800,0.01,93698,Furniture,Bookcases
161,Order Finished,Sylvia Foulston,2009-09-04,8,101400,0.08,8112,Office Supplies,Binders & Binder Accessories
164,Order Finished,Heather Kirkland,2009-03-11,11,2128460,0.06,127708,Technology,Computer Peripherals
165,Order Finished,Henry Goldwyn,2011-06-04,3,148100,0.02,2962,Furniture,Office Furnishings
166,Order Finished,Frank Price,2012-03-02,37,11507700,0.0,0,Technology,Office Machines
168,Order Finished,Ralph Knight,2009-09-01,32,418840,0.1,41884,Office Supplies,Paper
170,Order Finished,Roy Skaria,2011-09-02,1,465340,0.02,9307,Office Supplies,Binders & Binder Accessories
171,Order Finished,Monica Federle,2012-02-07,1,124520,0.09,11207,Office Supplies,Paper
174,Order Finished,Jeremy Lonsdale,2009-09-25,37,3202480,0.08,256198,Office Supplies,Appliances
175,Order Finished,Grant Carroll,2012-07-09,2,49920,0.05,2496,Office Supplies,Binders & Binder Accessories
178,Order Finished,Ralph Knight,2009-10-08,15,1645685,0.1,164569,Technology,Telephones & Communication
180,Order Finished,Claudia Miner,2012-04-15,10,110040,0.08,8803,Technology,Computer Peripherals
183,Order Finished,Edward Hooks,2009-07-02,50,562780,0.1,56278,Office Supplies,Binders & Binder Accessories
186,Order Cancelled,Grant Carroll,2011-11-25,49,38650400,0.05,1932520,Office Supplies,Binders & Binder Accessories
187,Order Returned,Brad Eason,2012-04-25,11,70340,0.03,2110,Office Supplies,Labels
190,Order Finished,Bryan Mills,2010-10-23,36,3910153,0.06,234609,Technology,Telephones & Communication
192,Order Finished,Michelle Lonsdale,2011-06-09,6,509520,0.06,30571,Furniture,Office Furnishings
194,Order Finished,Beth Thompson,2009-05-01,2,1578020,0.07,110461,Office Supplies,Storage & Organization
195,Order Finished,Cindy Schnelling,2012-05-11,4,195140,0.04,7806,Furniture,Office Furnishings
196,Order Finished,Nicole Hansen,2010-10-15,26,643360,0.04,25734,Office Supplies,Appliances
197,Order Finished,Cari Schnelling,2011-07-23,12,7342600,0.04,293704,Office Supplies,Appliances
198,Order Finished,Roy Skaria,2011-07-11,14,806340,0.02,16127,Office Supplies,Binders & Binder Accessories
202,Order Finished,Chad Cunningham,2010-10-20,4,81440,0.1,8144,Office Supplies,Paper
203,Order Finished,Carlos Daly,2010-08-30,8,2438380,0.02,48768,Technology,Office Machines
208,Order Finished,Don Jones,2012-08-28,24,2701062,0.01,27011,Technology,Telephones & Communication
209,Order Finished,Beth Thompson,2011-07-31,20,200800,0.06,12048,Office Supplies,Paper
210,Order Finished,Alan Barnes,2012-10-06,11,61020,0.09,5492,Office Supplies,Pens & Art Supplies
212,Order Finished,Jamie Kunitz,2011-10-17,13,743880,0.05,37194,Office Supplies,Paper
213,Order Finished,Heather Kirkland,2009-08-20,31,698860,0.04,27954,Office Supplies,Binders & Binder Accessories
215,Order Finished,Carlos Daly,2010-02-27,31,30503000,0.06,1830180,Technology,Office Machines
218,Order Finished,Thomas Seio,2010-10-07,49,399720,0.03,11992,Office Supplies,Appliances
220,Order Returned,Charlotte Melton,2010-06-09,31,296340,0.0,0,Office Supplies,Rubber Bands
221,Order Finished,Beth Thompson,2011-01-10,39,434500,0.07,30415,Office Supplies,Pens & Art Supplies
222,Order Finished,Eugene Barchas,2009-01-30,23,723300,0.08,57864,Technology,Computer Peripherals
224,Order Finished,Grant Carroll,2010-11-22,6,1653947,0.01,16539,Technology,Telephones & Communication
225,Order Finished,Beth Paige,2011-05-30,33,1998452,0.02,39969,Technology,Telephones & Communication
227,Order Finished,Muhammed Mac Intyre,2010-06-08,24,2336300,0.04,93452,Office Supplies,Storage & Organization
228,Order Returned,Charlotte Melton,2009-11-29,47,363560,0.02,7271,Office Supplies,Rubber Bands
229,Order Finished,Muhammed Mac Intyre,2012-09-01,46,2368640,0.09,213178,Technology,Computer Peripherals
231,Order Finished,Brendan Dodson,2012-05-21,32,736360,0.07,51545,Office Supplies,Storage & Organization
233,Order Returned,Mike Pelletier,2010-08-27,1,209700,0.07,14679,Furniture,Office Furnishings
234,Order Finished,Edward Hooks,2012-08-17,47,512000,0.03,15360,Office Supplies,Paper
238,Order Finished,Cindy Schnelling,2009-02-27,14,142940,0.06,8576,Technology,Computer Peripherals
239,Order Finished,Heather Kirkland,2010-06-07,10,1136671,0.02,22733,Technology,Telephones & Communication
241,Order Returned,Hunter Glantz,2012-02-23,26,2726000,0.04,109040,Furniture,Chairs & Chairmats
242,Order Returned,Julia West,2009-10-15,23,2808440,0.1,280844,Furniture,Office Furnishings
243,Order Finished,Carlos Daly,2009-03-13,3,35040,0.05,1752,Office Supplies,Binders & Binder Accessories
244,Order Cancelled,N UL L,2009-03-13,3,35040,0.05,1752,Office Supplies,Binders & Binder Accessories
245,Order Finished,Barry French,2010-03-12,36,8547600,0.06,512856,Furniture,Chairs & Chairmats
246,Order Finished,Susan Vittorini,2009-07-07,25,384360,0.02,7687,Office Supplies,Binders & Binder Accessories
249,Order Finished,Charlotte Melton,2011-09-22,7,240060,0.02,4801,Office Supplies,Storage & Organization
250,Order Finished,Beth Thompson,2011-07-21,1,37840,0.0,0,Office Supplies,Binders & Binder Accessories
253,Order Finished,Beth Paige,2010-02-06,15,2125918,0.07,148814,Technology,Telephones & Communication
256,Order Finished,Susan Vittorini,2009-05-30,4,7021640,0.05,351082,Office Supplies,Binders & Binder Accessories
259,Order Finished,Jamie Kunitz,2010-07-03,20,410660,0.0,0,Furniture,Office Furnishings
262,Order Finished,Fred Wasserman,2009-04-27,40,4411517,0.03,132346,Technology,Telephones & Communication
263,Order Finished,Susan Vittorini,2012-04-07,21,1048400,0.04,41936,Office Supplies,Envelopes
264,Order Finished,Doug Bickford,2010-12-31,39,13106900,0.03,393207,Office Supplies,Envelopes
265,Order Finished,Claudia Miner,2010-02-02,45,994280,0.05,49714,Office Supplies,Envelopes
266,Order Finished,Frank Price,2012-04-15,19,221340,0.08,17707,Office Supplies,Binders & Binder Accessories
268,Order Finished,Allen Rosenblatt,2009-07-27,15,61360,0.02,1227,Furniture,Office Furnishings
269,Order Finished,Dorothy Wardle,2009-03-31,1,108154,0.07,7571,Technology,Telephones & Communication
271,Order Finished,Ralph Knight,2010-09-01,40,13579855,0.08,1086388,Technology,Telephones & Communication
273,Order Finished,Charlotte Melton,2010-05-07,37,5044420,0.0,0,Furniture,Office Furnishings
274,Order Finished,Allen Rosenblatt,2011-08-25,39,1361717,0.05,68086,Technology,Telephones & Communication
277,Order Finished,Monica Federle,2011-01-17,34,432600,0.01,4326,Office Supplies,Labels
279,Order Finished,Susan Vittorini,2011-06-09,43,308360,0.08,24669,Office Supplies,Binders & Binder Accessories
280,Order Returned,Charles Mc Crossin,2012-06-26,27,604400,0.04,24176,Office Supplies,"Scissors, Rulers & Trimmers"
282,Order Finished,Doug Bickford,2010-11-13,8,104780,0.08,8382,Furniture,Office Furnishings
283,Order Finished,Don Miller,2009-11-14,12,122180,0.04,4887,Office Supplies,Labels
287,Order Finished,Joy Bell,2009-03-06,26,3047000,0.07,213290,Office Supplies,Appliances
288,Order Finished,Claudia Miner,2011-02-17,5,1512300,0.06,90738,Technology,Office Machines
289,Order Finished,Beth Thompson,2011-11-19,12,2647340,0.04,105894,Furniture,Office Furnishings
295,Order Finished,Becky Castell,2009-12-09,9,128061,0.06,7684,Technology,Telephones & Communication
297,Order Finished,Cari Schnelling,2010-12-24,2,583320,0.08,46666,Furniture,Office Furnishings
301,Order Finished,Mike Pelletier,2010-03-05,1,35780,0.04,1431,Office Supplies,Labels
303,Order Finished,Susan Vittorini,2009-01-05,6,1401460,0.08,112117,Technology,Office Machines
304,Order Finished,Andrew Gjertsen,2010-11-25,28,1335100,0.0,0,Office Supplies,Pens & Art Supplies
312,Order Finished,Don Jones,2010-11-23,20,3166120,0.05,158306,Office Supplies,Appliances
314,Order Finished,Ralph Arnett,2011-01-04,17,414380,0.01,4144,Office Supplies,Pens & Art Supplies
315,Order Finished,Nicole Hansen,2009-08-02,31,393480,0.09,35413,Furniture,Office Furnishings
318,Order Finished,Ralph Arnett,2010-12-28,14,4464120,0.03,133924,Office Supplies,Storage & Organization
319,Order Finished,Doug Bickford,2012-10-10,7,774340,0.1,77434,Technology,Computer Peripherals
322,Order Finished,Dorothy Wardle,2012-04-11,1,5457300,0.0,0,Technology,Office Machines
323,Order Finished,Ralph Knight,2010-02-16,13,1471080,0.0,0,Office Supplies,Paper
324,Order Finished,Sylvia Foulston,2010-09-24,47,2120121,0.1,212012,Technology,Telephones & Communication
325,Order Finished,Neola Schneider,2009-02-21,39,398780,0.1,39878,Office Supplies,Labels
326,Order Returned,Grant Carroll,2012-11-11,32,3764240,0.05,188212,Office Supplies,Binders & Binder Accessories
329,Order Finished,Susan Vittorini,2010-05-07,24,120720,0.03,3622,Office Supplies,Binders & Binder Accessories
336,Order Returned,Beth Thompson,2011-01-28,10,533880,0.09,48049,Technology,Computer Peripherals
337,Order Finished,Andrew Gjertsen,2012-09-08,7,167620,0.09,15086,Office Supplies,Labels
340,Order Finished,Cari Schnelling,2012-04-22,20,1926600,0.06,115596,Office Supplies,Paper
343,Order Finished,Brendan Dodson,2010-05-20,36,566420,0.08,45314,Office Supplies,Binders & Binder Accessories
344,Order Finished,Harold Engle,2009-12-02,42,1115700,0.05,55785,Office Supplies,Binders & Binder Accessories
346,Order Finished,Helen Abelman,2010-09-25,38,4142679,0.06,248561,Technology,Telephones & Communication
347,Order Finished,Guy Armstrong,2012-11-19,14,445820,0.05,22291,Technology,Computer Peripherals
351,Order Finished,Erica Bern,2012-06-29,46,14882580,0.1,1488258,Office Supplies,Binders & Binder Accessories
352,Order Finished,Erica Bern,2009-02-01,17,110900,0.01,1109,Office Supplies,Labels
354,Order Finished,Guy Armstrong,2009-06-20,42,867360,0.07,60715,Office Supplies,Envelopes
357,Order Returned,Roy French,2011-09-02,30,1865784,0.05,93289,Technology,Telephones & Communication
358,Order Finished,Roy French,2011-04-14,36,11955260,0.1,1195526,Office Supplies,Appliances
359,Order Finished,Jennifer Braxton,2011-02-13,6,1812040,0.1,181204,Furniture,Bookcases
361,Order Finished,Evan Minnotte,2010-08-10,38,1742500,0.06,104550,Office Supplies,Pens & Art Supplies
364,Order Finished,Harold Engle,2012-05-26,39,4166105,0.09,374949,Technology,Telephones & Communication
365,Order Finished,Hilary Holden,2012-09-10,32,6491460,0.09,584231,Furniture,Office Furnishings
366,Order Finished,Christopher Schild,2011-03-16,31,218980,0.04,8759,Office Supplies,Pens & Art Supplies
368,Order Finished,Greg Guthrie,2011-01-11,6,34000,0.07,2380,Office Supplies,Binders & Binder Accessories
371,Order Finished,Erica Bern,2009-02-02,38,6305500,0.04,252220,Technology,Computer Peripherals
373,Order Finished,Erica Bern,2012-03-06,42,3363200,0.07,235424,Technology,Computer Peripherals
375,Order Finished,Evan Minnotte,2010-07-24,48,586600,0.04,23464,Office Supplies,Paper
377,Order Finished,Paul Gonzalez,2011-03-07,44,452360,0.01,4524,Furniture,Office Furnishings
379,Order Finished,Joy Smith,2009-08-04,43,482380,0.08,38590,Office Supplies,Paper
383,Order Finished,Greg Guthrie,2010-08-06,27,18587640,0.08,1487011,Office Supplies,Appliances
385,Order Finished,Joy Smith,2009-10-02,27,1132240,0.03,33967,Furniture,Office Furnishings
387,Order Finished,Chuck Magee,2009-06-24,16,356800,0.04,14272,Furniture,Office Furnishings
389,Order Finished,Jack Lebron,2012-01-20,38,1904940,0.03,57148,Technology,Office Machines
391,Order Finished,Harold Engle,2012-03-15,3,635900,0.1,63590,Furniture,Bookcases
394,Order Returned,Evan Minnotte,2010-12-22,10,618600,0.05,30930,Technology,Computer Peripherals
399,Order Finished,Jack Lebron,2012-12-03,24,3379940,0.06,202796,Office Supplies,Appliances
400,Order Finished,Filia Mc Adams,2010-09-06,20,224060,0.05,11203,Office Supplies,Binders & Binder Accessories
402,Order Finished,Giulietta Baptist,2010-08-20,16,205000,0.1,20500,Office Supplies,Pens & Art Supplies
405,Order Returned,Carlos Soltero,2009-12-19,38,2966880,0.04,118675,Technology,Computer Peripherals
406,Order Finished,Harold Engle,2011-04-29,45,1000960,0.08,80077,Office Supplies,Storage & Organization
409,Order Finished,Jack Lebron,2010-04-11,31,6413930,0.08,513114,Technology,Telephones & Communication
410,Order Finished,Filia Mc Adams,2009-01-24,30,13308780,0.1,1330878,Furniture,Chairs & Chairmats
411,Order Finished,Greg Guthrie,2010-11-17,42,478700,0.05,23935,Office Supplies,Envelopes
413,Order Finished,Philip Brown,2010-08-03,15,44900,0.03,1347,Office Supplies,Rubber Bands
417,Order Finished,Carlos Soltero,2012-10-30,16,184120,0.1,18412,Office Supplies,Envelopes
418,Order Finished,Erica Bern,2009-07-15,40,393000,0.08,31440,Office Supplies,Binders & Binder Accessories
421,Order Finished,Joy Smith,2012-07-07,15,1144865,0.05,57243,Technology,Telephones & Communication
422,Order Finished,Christopher Schild,2009-03-27,41,644060,0.06,38644,Technology,Computer Peripherals
424,Order Finished,Christopher Schild,2011-03-28,1,53360,0.04,2134,Furniture,Office Furnishings
427,Order Finished,Philip Brown,2009-09-16,44,568760,0.04,22750,Office Supplies,Paper
429,Order Finished,Jennifer Braxton,2010-09-11,29,4093620,0.02,81872,Office Supplies,Binders & Binder Accessories
432,Order Finished,Carlos Soltero,2010-12-30,13,2545660,0.04,101826,Technology,Computer Peripherals
434,Order Finished,Jack Lebron,2009-12-23,38,46511220,0.0,0,Technology,Copiers & Fax
435,Order Finished,Guy Armstrong,2012-10-31,8,46380,0.02,928,Office Supplies,Pens & Art Supplies
437,Order Finished,Jack Lebron,2012-04-14,4,124900,0.08,9992,Office Supplies,Appliances
438,Order Finished,Erica Bern,2011-05-13,42,305100,0.06,18306,Office Supplies,Envelopes
443,Order Finished,Harold Engle,2010-12-03,24,4579840,0.09,412186,Office Supplies,Paper
444,Order Finished,Philip Brown,2011-12-18,36,3547720,0.06,212863,Furniture,Chairs & Chairmats
445,Order Finished,Giulietta Baptist,2012-08-09,44,1730540,0.03,51916,Technology,Computer Peripherals
446,Order Finished,Paul Gonzalez,2010-08-24,31,683420,0.04,27337,Office Supplies,Binders & Binder Accessories
447,Order Finished,Logan Haushalter,2011-05-22,46,1296520,0.07,90756,Office Supplies,Binders & Binder Accessories
450,Order Finished,Erica Bern,2009-02-04,50,2883140,0.07,201820,Technology,Computer Peripherals
454,Order Finished,Carlos Soltero,2009-02-15,23,186100,0.03,5583,Office Supplies,Binders & Binder Accessories
458,Order Returned,Greg Guthrie,2009-12-25,8,730440,0.04,29218,Office Supplies,Appliances
460,Order Finished,Erica Bern,2009-01-18,47,1344920,0.1,134492,Office Supplies,Envelopes
461,Order Finished,Jim Sink,2012-05-20,49,16446140,0.06,986768,Technology,Telephones & Communication
463,Order Finished,Evan Minnotte,2009-09-05,11,10310700,0.0,0,Technology,Office Machines
464,Order Returned,Guy Armstrong,2009-11-03,7,1077020,0.0,0,Furniture,Bookcases
468,Order Returned,Carlos Soltero,2010-11-23,43,2580413,0.06,154825,Technology,Telephones & Communication
470,Order Finished,Greg Guthrie,2010-03-29,34,490800,0.0,0,Office Supplies,Paper
472,Order Finished,Greg Guthrie,2011-01-31,21,1696400,0.06,101784,Office Supplies,Appliances
475,Order Finished,Joy Smith,2009-11-10,13,2144440,0.03,64333,Technology,Computer Peripherals
476,Order Finished,Guy Armstrong,2010-06-14,14,3932520,0.06,235951,Office Supplies,Storage & Organization
479,Order Finished,Guy Armstrong,2012-11-29,36,4078164,0.01,40782,Technology,Telephones & Communication
480,Order Finished,Christopher Schild,2009-04-18,36,9422488,0.06,565349,Technology,Telephones & Communication
484,Order Returned,Brian Moss,2012-01-21,48,2988464,0.04,119539,Technology,Telephones & Communication
485,Order Finished,Harold Engle,2012-01-06,46,2966980,0.02,59340,Office Supplies,Paper
486,Order Finished,Carlos Soltero,2009-12-10,42,516380,0.1,51638,Office Supplies,Paper
487,Order Finished,Hilary Holden,2010-02-12,17,9242200,0.09,831798,Furniture,Chairs & Chairmats
488,Order Finished,Logan Haushalter,2009-06-26,10,310900,0.03,9327,Office Supplies,Binders & Binder Accessories
493,Order Finished,Christopher Schild,2010-02-01,31,1967560,0.04,78702,Technology,Computer Peripherals
497,Order Finished,Giulietta Baptist,2012-05-17,24,4188240,0.0,0,Technology,Computer Peripherals
498,Order Finished,Jim Sink,2010-07-09,34,447180,0.04,17887,Office Supplies,Paper
499,Order Finished,Julie Creighton,2011-10-22,30,577120,0.03,17314,Office Supplies,Pens & Art Supplies
502,Order Finished,Matt Collins,2009-01-05,6,331500,0.03,9945,Technology,Computer Peripherals
503,Order Finished,Justin Knight,2009-05-12,4,85160,0.0,0,Office Supplies,Paper
505,Order Finished,Rob Haberlin,2011-06-23,28,2164900,0.04,86596,Technology,Computer Peripherals
512,Order Finished,Justin Knight,2011-08-31,48,6795440,0.01,67954,Furniture,Office Furnishings
514,Order Finished,Lena Cacioppo,2009-03-22,17,1285800,0.07,90006,Technology,Computer Peripherals
517,Order Finished,Christina Vanderzanden,2010-01-10,32,324500,0.05,16225,Technology,Computer Peripherals
518,Order Finished,Matt Collins,2010-06-26,27,769800,0.07,53886,Office Supplies,Storage & Organization
521,Order Finished,Christina Vanderzanden,2009-02-05,48,279720,0.07,19580,Office Supplies,Pens & Art Supplies
522,Order Finished,Kimberly Carter,2011-11-09,4,54680,0.06,3281,Office Supplies,Paper
527,Order Finished,Justin Knight,2011-12-14,2,38000,0.01,380,Office Supplies,Binders & Binder Accessories
529,Order Finished,Gene Hale,2010-10-01,22,491920,0.03,14758,Office Supplies,Storage & Organization
530,Order Finished,Rob Haberlin,2012-04-27,34,2029740,0.04,81190,Technology,Computer Peripherals
531,Order Finished,Gene Hale,2011-09-24,18,71020,0.02,1420,Office Supplies,Pens & Art Supplies
536,Order Finished,Lena Cacioppo,2010-03-02,29,2197012,0.05,109851,Technology,Telephones & Communication
537,Order Finished,Seth Vernon,2009-06-28,46,320540,0.06,19232,Office Supplies,Binders & Binder Accessories
538,Order Finished,Gene Hale,2009-01-26,30,894660,0.03,26840,Furniture,Office Furnishings
541,Order Finished,Rob Haberlin,2012-10-01,17,448180,0.0,0,Office Supplies,Storage & Organization
544,Order Finished,Justin Knight,2009-07-06,4,62020,0.03,1861,Office Supplies,Binders & Binder Accessories
546,Order Finished,Christina Vanderzanden,2011-12-01,33,542280,0.05,27114,Technology,Computer Peripherals
548,Order Finished,Seth Vernon,2010-06-25,2,97680,0.01,977,Office Supplies,Paper
551,Order Finished,Sanjit Chand,2010-11-04,23,827600,0.08,66208,Furniture,Office Furnishings
553,Order Finished,Anthony Johnson,2009-08-06,9,131620,0.01,1316,Office Supplies,Paper
556,Order Finished,Sanjit Chand,2012-10-08,4,415100,0.08,33208,Office Supplies,Envelopes
559,Order Finished,Anthony Johnson,2009-02-05,23,12266360,0.06,735982,Office Supplies,Appliances
560,Order Finished,Michelle Arnett,2011-09-28,34,5264951,0.01,52650,Technology,Telephones & Communication
561,Order Finished,Luke Weiss,2012-06-05,43,341620,0.1,34162,Office Supplies,Paper
562,Order Finished,Luke Weiss,2010-09-26,46,7560320,0.1,756032,Technology,Office Machines
563,Order Finished,Rob Haberlin,2009-01-21,46,2964020,0.02,59280,Office Supplies,Binders & Binder Accessories
566,Order Finished,Sally Knutson,2012-09-20,19,164860,0.04,6594,Office Supplies,Appliances
568,Order Finished,Julie Creighton,2010-03-19,46,1015280,0.04,40611,Office Supplies,"Scissors, Rulers & Trimmers"
569,Order Finished,Sally Knutson,2011-11-19,39,602720,0.09,54245,Office Supplies,Paper
570,Order Finished,Sally Knutson,2009-04-29,49,14004160,0.1,1400416,Furniture,Tables
573,Order Finished,Sally Knutson,2010-06-15,37,204920,0.08,16394,Office Supplies,Labels
574,Order Finished,Marina Lichtenstein,2009-08-09,3,43280,0.08,3462,Office Supplies,Binders & Binder Accessories
575,Order Finished,Christina De Moss,2009-09-20,48,256000,0.09,23040,Office Supplies,Labels
576,Order Returned,Luke Weiss,2012-03-20,16,88200,0.04,3528,Office Supplies,Pens & Art Supplies
577,Order Finished,Sally Knutson,2012-03-23,45,264620,0.02,5292,Office Supplies,Binders & Binder Accessories
578,Order Finished,Michelle Arnett,2010-07-19,47,357020,0.0,0,Office Supplies,Labels
580,Order Finished,Anthony Johnson,2009-03-27,25,572140,0.07,40050,Office Supplies,Appliances
583,Order Returned,Monica Federle,2010-08-24,26,2764620,0.03,82939,Furniture,Office Furnishings
584,Order Returned,Kimberly Carter,2011-08-10,19,2820880,0.07,197462,Furniture,Office Furnishings
586,Order Returned,Sanjit Chand,2012-10-30,35,1477380,0.1,147738,Furniture,Office Furnishings
587,Order Finished,Marina Lichtenstein,2010-05-07,17,368180,0.07,25773,Office Supplies,Envelopes
588,Order Finished,Joy Smith,2011-04-09,36,3292100,0.08,263368,Office Supplies,Paper
589,Order Finished,Christina De Moss,2010-06-03,46,15614900,0.02,312298,Office Supplies,Storage & Organization
592,Order Finished,Michelle Arnett,2010-01-05,34,1405580,0.04,56223,Furniture,Office Furnishings
593,Order Finished,Sally Knutson,2011-12-30,40,479720,0.04,19189,Office Supplies,Rubber Bands
595,Order Finished,Joy Smith,2010-05-28,3,673680,0.08,53894,Furniture,Bookcases
596,Order Finished,Sonia Sunley,2010-06-28,47,11355218,0.04,454209,Technology,Telephones & Communication
598,Order Finished,Emily Grady,2012-02-27,26,1784760,0.0,0,Technology,Computer Peripherals
602,Order Finished,Anna Andreadi,2010-01-05,6,99100,0.06,5946,Office Supplies,Paper
603,Order Finished,Emily Grady,2012-04-21,24,1430800,0.08,114464,Technology,Computer Peripherals
604,Order Finished,Barbara Fisher,2009-06-17,25,227500,0.0,0,Office Supplies,Binders & Binder Accessories
606,Order Finished,Kelly Williams,2012-07-16,50,2813280,0.02,56266,Office Supplies,Envelopes
610,Order Finished,Jocasta Rupert,2009-01-23,18,272820,0.0,0,Office Supplies,"Scissors, Rulers & Trimmers"
617,Order Finished,Sonia Sunley,2010-02-27,2,26600,0.09,2394,Office Supplies,Labels
618,Order Finished,Sonia Sunley,2012-06-25,17,7633180,0.01,76332,Office Supplies,Appliances
619,Order Finished,Dennis Bolton,2012-03-13,10,388580,0.1,38858,Furniture,Office Furnishings
621,Order Finished,Dennis Bolton,2012-07-03,13,95860,0.04,3834,Office Supplies,Labels
623,Order Finished,Stewart Carmichael,2009-07-24,20,1878780,0.07,131515,Office Supplies,Appliances
625,Order Finished,Sonia Sunley,2010-04-15,5,731860,0.05,36593,Technology,Computer Peripherals
627,Order Finished,Sonia Sunley,2011-03-15,36,340840,0.1,34084,Office Supplies,Binders & Binder Accessories
632,Order Finished,Alex Avila,2012-01-22,40,3000340,0.06,180020,Technology,Computer Peripherals
633,Order Finished,Anna Andreadi,2012-04-05,30,408980,0.05,20449,Office Supplies,Paper
635,Order Finished,Sonia Sunley,2012-03-23,33,7955940,0.06,477356,Office Supplies,Binders & Binder Accessories
638,Order Finished,Alex Avila,2010-08-21,30,402740,0.1,40274,Office Supplies,Paper
639,Order Finished,Jim Karlsson,2012-10-26,42,1879540,0.0,0,Technology,Computer Peripherals
640,Order Finished,Sonia Sunley,2010-10-06,42,374560,0.06,22474,Office Supplies,Paper
641,Order Finished,Alex Avila,2010-03-13,8,1527297,0.06,91638,Technology,Telephones & Communication
644,Order Finished,Barbara Fisher,2010-01-18,7,234124,0.09,21071,Technology,Telephones & Communication
645,Order Finished,Lisa De Cherney,2009-12-12,16,144160,0.04,5766,Office Supplies,Paper
647,Order Finished,Alex Avila,2012-12-09,50,1838000,0.0,0,Furniture,Office Furnishings
649,Order Finished,Angele Hood,2012-11-04,23,12553660,0.09,1129829,Furniture,Chairs & Chairmats
650,Order Finished,Seth Vernon,2010-07-20,26,245020,0.06,14701,Office Supplies,Paper
654,Order Finished,Roy Skaria,2012-03-23,35,506300,0.03,15189,Technology,Computer Peripherals
655,Order Finished,Jim Karlsson,2011-04-13,22,166040,0.08,13283,Office Supplies,Binders & Binder Accessories
656,Order Returned,Barbara Fisher,2011-09-06,8,106280,0.0,0,Office Supplies,Binders & Binder Accessories
658,Order Finished,Seth Vernon,2012-03-04,12,101380,0.04,4055,Office Supplies,Rubber Bands
659,Order Finished,Alex Avila,2009-11-03,11,3731880,0.04,149275,Furniture,Chairs & Chairmats
663,Order Finished,Anthony O'Donnell,2012-05-05,32,2564980,0.07,179549,Furniture,Office Furnishings
664,Order Finished,Barbara Fisher,2010-06-23,22,692840,0.05,34642,Technology,Computer Peripherals
666,Order Returned,Dennis Bolton,2009-03-07,20,18836280,0.09,1695265,Technology,Office Machines
668,Order Finished,Sarah Foster,2009-08-15,42,3622600,0.07,253582,Office Supplies,Appliances
669,Order Finished,Anna Andreadi,2009-10-02,43,14072220,0.0,0,Office Supplies,Storage & Organization
670,Order Finished,Roy Skaria,2012-01-01,45,4709600,0.03,141288,Technology,Computer Peripherals
672,Order Finished,Dennis Bolton,2010-08-04,41,304560,0.06,18274,Office Supplies,Binders & Binder Accessories
673,Order Finished,Alex Avila,2010-11-08,14,251080,0.03,7532,Office Supplies,Binders & Binder Accessories
674,Order Finished,Roy Skaria,2012-12-04,36,456020,0.06,27361,Office Supplies,Paper
675,Order Finished,Seth Vernon,2011-03-10,2,115000,0.02,2300,Technology,Computer Peripherals
677,Order Finished,Peter Buhler,2009-02-22,27,264720,0.05,13236,Technology,Computer Peripherals
680,Order Finished,Alex Avila,2010-04-12,17,236720,0.08,18938,Office Supplies,Paper
684,Order Finished,Daniel Lacy,2012-04-14,19,318480,0.09,28663,Technology,Computer Peripherals
688,Order Finished,Shahid Shariari,2011-01-09,3,2652180,0.0,0,Office Supplies,Binders & Binder Accessories
691,Order Finished,Mike Vittorini,2012-01-16,29,213560,0.0,0,Office Supplies,Pens & Art Supplies
694,Order Finished,Shahid Shariari,2012-10-06,16,236760,0.04,9470,Office Supplies,Binders & Binder Accessories
695,Order Finished,Liz Price,2011-03-24,45,507780,0.01,5078,Office Supplies,Envelopes
696,Order Returned,Lela Donovan,2012-10-02,22,3113740,0.04,124550,Office Supplies,Appliances
697,Order Finished,Mike Vittorini,2012-08-14,8,35440,0.02,709,Furniture,Office Furnishings
698,Order Finished,Shahid Shariari,2011-02-26,9,131220,0.08,10498,Technology,Computer Peripherals
699,Order Returned,Ralph Kennedy,2012-11-10,16,9803980,0.04,392159,Office Supplies,Binders & Binder Accessories
700,Order Finished,Rob Dowd,2012-09-13,30,8611580,0.0,0,Office Supplies,Storage & Organization
701,Order Finished,Ralph Kennedy,2012-05-10,45,3983406,0.07,278838,Technology,Telephones & Communication
704,Order Finished,Kristina Nunn,2009-05-20,15,594100,0.09,53469,Office Supplies,Appliances
705,Order Finished,Ralph Kennedy,2009-06-21,24,134700,0.07,9429,Office Supplies,Labels
706,Order Finished,Ricardo Emerson,2011-08-07,29,1714840,0.07,120039,Technology,Computer Peripherals
711,Order Finished,Trudy Schmidt,2010-12-21,33,1459840,0.0,0,Technology,Computer Peripherals
712,Order Finished,Thomas Brumley,2012-08-10,32,5186160,0.0,0,Furniture,Office Furnishings
714,Order Finished,Vicky Freymann,2012-05-05,12,3425320,0.1,342532,Technology,Computer Peripherals
715,Order Finished,Lela Donovan,2010-07-21,20,620620,0.02,12412,Furniture,Office Furnishings
717,Order Finished,Mike Vittorini,2010-08-24,35,466780,0.06,28007,Office Supplies,Paper
720,Order Finished,Tony Chapman,2012-03-22,29,2389920,0.04,95597,Technology,Computer Peripherals
722,Order Finished,Sarah Bern,2009-09-05,28,257380,0.04,10295,Office Supplies,Binders & Binder Accessories
725,Order Finished,Mark Cousins,2010-08-23,45,9459700,0.03,283791,Technology,Office Machines
726,Order Finished,Giulietta Weimer,2012-12-25,36,9704100,0.0,0,Furniture,Chairs & Chairmats
727,Order Finished,Patrick O'Brill,2011-06-16,5,140660,0.1,14066,Office Supplies,Paper
729,Order Finished,Daniel Byrd,2010-10-29,9,604100,0.0,0,Technology,Computer Peripherals
732,Order Finished,John Murray,2011-09-04,49,25958200,0.03,778746,Furniture,Chairs & Chairmats
735,Order Finished,Ralph Kennedy,2012-02-17,24,137760,0.0,0,Office Supplies,Binders & Binder Accessories
737,Order Finished,Ralph Kennedy,2011-05-26,44,1647260,0.03,49418,Furniture,Office Furnishings
738,Order Finished,Lena Hernandez,2010-09-20,44,7638840,0.1,763884,Furniture,Chairs & Chairmats
740,Order Finished,Kristina Nunn,2012-07-28,49,5385379,0.03,161561,Technology,Telephones & Communication
742,Order Finished,Vicky Freymann,2010-06-17,4,334740,0.1,33474,Technology,Computer Peripherals
743,Order Finished,Rob Dowd,2010-07-19,40,4810915,0.01,48109,Technology,Telephones & Communication
744,Order Finished,Lena Hernandez,2011-07-04,20,4325633,0.01,43256,Technology,Telephones & Communication
746,Order Finished,Mark Cousins,2012-04-13,9,529260,0.02,10585,Technology,Computer Peripherals
747,Order Finished,Ricardo Emerson,2012-10-25,34,478600,0.06,28716,Furniture,Office Furnishings
748,Order Finished,Liz Price,2009-08-01,50,6151660,0.03,184550,Technology,Computer Peripherals
756,Order Finished,Justin Hirsh,2012-07-21,39,12305040,0.08,984403,Furniture,Chairs & Chairmats
757,Order Finished,Shahid Shariari,2009-04-10,5,40340,0.05,2017,Office Supplies,Pens & Art Supplies
758,Order Finished,Giulietta Weimer,2011-11-18,19,391920,0.1,39192,Technology,Computer Peripherals
760,Order Finished,Ralph Kennedy,2011-02-24,30,557880,0.01,5579,Office Supplies,Paper
765,Order Finished,Khloe Miller,2011-04-08,20,277040,0.03,8311,Office Supplies,Appliances
770,Order Finished,Sally Knutson,2009-08-23,24,9273240,0.1,927324,Furniture,Tables
771,Order Finished,Sally Knutson,2011-08-01,36,10280160,0.06,616810,Furniture,Tables
773,Order Finished,Justin Hirsh,2010-05-06,5,50680,0.1,5068,Office Supplies,Appliances
774,Order Finished,Khloe Miller,2009-10-18,24,530700,0.02,10614,Office Supplies,Paper
777,Order Finished,Giulietta Weimer,2012-05-10,25,1534520,0.07,107416,Technology,Computer Peripherals
778,Order Finished,Heather Jas,2011-07-24,44,147280,0.07,10310,Technology,Computer Peripherals
779,Order Finished,Vicky Freymann,2012-08-30,13,1206694,0.08,96536,Technology,Telephones & Communication
781,Order Finished,Mark Cousins,2009-09-16,8,1015480,0.05,50774,Furniture,Office Furnishings
782,Order Finished,Shahid Hopkins,2011-09-15,47,362260,0.0,0,Office Supplies,Envelopes
783,Order Finished,Khloe Miller,2009-01-22,9,412080,0.0,0,Furniture,Office Furnishings
784,Order Finished,Mark Cousins,2009-11-03,22,1336780,0.07,93575,Furniture,Office Furnishings
785,Order Finished,Mark Cousins,2011-05-28,44,492000,0.1,49200,Office Supplies,Paper
788,Order Finished,Neil Knudson,2010-05-02,44,8521460,0.07,596502,Technology,Office Machines
792,Order Finished,Mark Cousins,2010-12-12,8,32940,0.1,3294,Office Supplies,Binders & Binder Accessories
793,Order Finished,Thomas Brumley,2012-04-26,21,4048057,0.1,404806,Technology,Telephones & Communication
794,Order Finished,Greg Maxwell,2009-08-05,40,8108116,0.09,729730,Technology,Telephones & Communication
796,Order Finished,Shahid Shariari,2012-09-15,29,643900,0.03,19317,Office Supplies,"Scissors, Rulers & Trimmers"
797,Order Finished,Shahid Shariari,2011-07-27,13,2387240,0.08,190979,Furniture,Chairs & Chairmats
798,Order Returned,Tony Chapman,2009-06-25,27,5561760,0.07,389323,Furniture,Office Furnishings
800,Order Returned,Neil Knudson,2011-01-10,13,99480,0.0,0,Office Supplies,Labels
801,Order Finished,Lela Donovan,2012-03-31,21,960780,0.01,9608,Furniture,Office Furnishings
803,Order Finished,Heather Jas,2009-08-28,33,665900,0.05,33295,Furniture,Office Furnishings
804,Order Finished,Justin Hirsh,2009-08-05,42,894720,0.01,8947,Office Supplies,Pens & Art Supplies
805,Order Finished,Rob Dowd,2012-09-05,26,107860,0.04,4314,Office Supplies,Binders & Binder Accessories
806,Order Finished,Justin Hirsh,2011-10-09,9,86520,0.1,8652,Office Supplies,Binders & Binder Accessories
807,Order Finished,Lela Donovan,2010-08-22,44,2381600,0.07,166712,Office Supplies,Binders & Binder Accessories
808,Order Finished,Ralph Kennedy,2012-08-04,42,243300,0.05,12165,Office Supplies,Labels
809,Order Finished,Shahid Shariari,2010-12-14,7,527600,0.0,0,Furniture,Office Furnishings
810,Order Finished,Rob Dowd,2009-12-24,11,3870200,0.01,38702,Furniture,Bookcases
811,Order Finished,Chuck Clark,2010-10-12,45,37551520,0.03,1126546,Technology,Office Machines
812,Order Finished,Giulietta Weimer,2009-01-15,48,895780,0.0,0,Office Supplies,Binders & Binder Accessories
813,Order Finished,Khloe Miller,2011-04-05,12,378380,0.08,30270,Office Supplies,Storage & Organization
814,Order Finished,Shahid Shariari,2012-01-20,28,1395000,0.02,27900,Technology,Office Machines
816,Order Finished,Khloe Miller,2011-10-09,4,397440,0.01,3974,Furniture,Office Furnishings
819,Order Finished,Chuck Clark,2010-04-10,8,368140,0.04,14726,Furniture,Office Furnishings
820,Order Finished,Bill Eplett,2012-08-19,29,1147940,0.05,57397,Office Supplies,Paper
822,Order Finished,Mark Cousins,2009-11-20,29,1687100,0.08,134968,Office Supplies,Paper
823,Order Finished,Lena Hernandez,2012-09-16,40,521920,0.09,46973,Office Supplies,Paper
825,Order Finished,Khloe Miller,2010-07-21,16,121520,0.03,3646,Furniture,Office Furnishings
827,Order Finished,Tony Chapman,2011-01-10,8,55327840,0.05,2766392,Technology,Copiers & Fax
829,Order Finished,Shahid Hopkins,2012-05-30,49,2403868,0.03,72116,Technology,Telephones & Communication
831,Order Returned,Bill Eplett,2009-09-04,25,636280,0.01,6363,Office Supplies,Paper
832,Order Finished,Patrick O'Brill,2010-08-26,5,354100,0.0,0,Technology,Computer Peripherals
835,Order Returned,Marc Harrigan,2009-03-18,23,260320,0.1,26032,Office Supplies,Paper
837,Order Finished,Khloe Miller,2011-09-11,4,207800,0.07,14546,Furniture,Office Furnishings
838,Order Finished,Tony Chapman,2011-02-03,35,2655180,0.05,132759,Office Supplies,Pens & Art Supplies
839,Order Finished,Ralph Kennedy,2011-02-15,44,363220,0.03,10897,Office Supplies,Binders & Binder Accessories
840,Order Finished,Trudy Schmidt,2012-03-01,36,2871900,0.05,143595,Technology,Computer Peripherals
841,Order Finished,Gene Hale,2009-08-10,19,293260,0.01,2933,Office Supplies,Paper
845,Order Finished,Greg Maxwell,2010-09-17,48,24145800,0.04,965832,Furniture,Chairs & Chairmats
846,Order Finished,Marc Harrigan,2009-07-03,34,6838301,0.0,0,Technology,Telephones & Communication
848,Order Finished,Kristina Nunn,2009-09-23,16,260220,0.03,7807,Technology,Computer Peripherals
849,Order Finished,Chuck Clark,2011-10-02,24,476500,0.05,23825,Office Supplies,Storage & Organization
853,Order Finished,Vicky Freymann,2011-01-07,27,1668125,0.01,16681,Technology,Telephones & Communication
855,Order Finished,Justin Hirsh,2011-08-03,42,987120,0.06,59227,Technology,Office Machines
857,Order Finished,Liz Price,2010-08-26,44,420920,0.03,12628,Office Supplies,Binders & Binder Accessories
861,Order Finished,Justin Hirsh,2010-02-17,11,1117240,0.03,33517,Office Supplies,Appliances
862,Order Finished,Lena Hernandez,2011-02-01,21,1112900,0.08,89032,Furniture,Chairs & Chairmats
864,Order Finished,Kristina Nunn,2009-01-10,31,4274200,0.05,213710,Furniture,Bookcases
866,Order Finished,Justin Hirsh,2010-03-07,20,1715900,0.08,137272,Technology,Computer Peripherals
868,Order Returned,Paul Mac Intyre,2009-09-11,36,201360,0.0,0,Office Supplies,Pens & Art Supplies
869,Order Finished,Patrick O'Brill,2010-10-12,22,1692700,0.04,67708,Office Supplies,Paper
870,Order Finished,Mike Vittorini,2011-06-19,44,885440,0.07,61981,Furniture,Office Furnishings
871,Order Finished,Liz Price,2012-11-07,6,45560,0.01,456,Office Supplies,Labels
875,Order Finished,Chuck Clark,2011-03-21,29,175360,0.03,5261,Office Supplies,Labels
876,Order Finished,Sarah Bern,2010-05-11,23,289100,0.07,20237,Office Supplies,Paper
877,Order Finished,Kristina Nunn,2012-02-06,13,151780,0.09,13660,Office Supplies,Paper
878,Order Finished,Matt Abelman,2010-12-28,43,1172220,0.11,128944,Furniture,Office Furnishings
879,Order Finished,Sarah Jordon,2011-09-08,42,150280,0.05,7514,Office Supplies,Pens & Art Supplies
883,Order Finished,Art Ferguson,2010-12-29,40,861760,0.05,43088,Office Supplies,Envelopes
884,Order Finished,Jack O'Briant,2011-04-30,7,164120,0.07,11488,Office Supplies,Binders & Binder Accessories
887,Order Finished,Steve Carroll,2011-07-03,7,255480,0.04,10219,Technology,Computer Peripherals
888,Order Finished,Scott Williamson,2010-02-22,50,650480,0.05,32524,Office Supplies,Binders & Binder Accessories
889,Order Finished,Dennis Bolton,2011-11-30,40,3530100,0.05,176505,Office Supplies,Binders & Binder Accessories
890,Order Returned,Sean Wendt,2010-08-13,4,25600,0.0,0,Office Supplies,Pens & Art Supplies
900,Order Finished,Sally Matthias,2011-10-22,5,441575,0.09,39742,Technology,Telephones & Communication
903,Order Finished,Chad Sievert,2012-10-28,47,1413360,0.1,141336,Office Supplies,Pens & Art Supplies
908,Order Finished,Ivan Liston,2012-01-19,16,3369920,0.08,269594,Office Supplies,Storage & Organization
909,Order Finished,Brad Norvell,2009-06-25,1,319020,0.04,12761,Furniture,Chairs & Chairmats
911,Order Returned,Michael Granlund,2009-08-04,34,5121180,0.07,358483,Technology,Computer Peripherals
916,Order Returned,Charles Sheldon,2010-03-08,37,11221680,0.07,785518,Technology,Office Machines
917,Order Finished,Mike Kennedy,2010-11-04,36,550120,0.05,27506,Office Supplies,Paper
919,Order Finished,Sally Matthias,2009-02-13,45,7398440,0.05,369922,Technology,Office Machines
921,Order Finished,Art Ferguson,2011-03-12,42,902640,0.04,36106,Furniture,Office Furnishings
922,Order Finished,Brian Derr,2012-03-28,27,9783720,0.02,195674,Office Supplies,Appliances
928,Order Finished,Darren Koutras,2012-05-19,32,270400,0.02,5408,Office Supplies,Labels
930,Order Finished,Steve Carroll,2009-06-01,41,10356340,0.03,310690,Furniture,Chairs & Chairmats
932,Order Finished,Sarah Jordon,2010-02-19,5,384240,0.04,15370,Technology,Computer Peripherals
936,Order Finished,Sean Wendt,2012-07-17,5,398320,0.1,39832,Technology,Computer Peripherals
938,Order Finished,Michael Granlund,2012-07-19,45,967480,0.02,19350,Office Supplies,Paper
939,Order Finished,Art Ferguson,2011-03-19,43,14904274,0.02,298085,Technology,Telephones & Communication
940,Order Finished,Roland Black,2012-12-27,37,346220,0.02,6924,Office Supplies,Appliances
941,Order Finished,Art Ferguson,2011-09-08,9,2062120,0.03,61864,Technology,Computer Peripherals
947,Order Finished,Matt Abelman,2009-01-31,42,12488360,0.09,1123952,Furniture,Chairs & Chairmats
951,Order Finished,Mike Kennedy,2012-08-18,39,1359900,0.08,108792,Office Supplies,Pens & Art Supplies
952,Order Finished,Sean Wendt,2009-01-10,32,9813700,0.09,883233,Office Supplies,Envelopes
956,Order Finished,Sarah Jordon,2012-09-20,6,464420,0.0,0,Office Supplies,Envelopes
957,Order Finished,John Castell,2010-03-03,26,383100,0.08,30648,Furniture,Office Furnishings
958,Order Finished,Bart Watters,2010-11-01,46,1006340,0.01,10063,Office Supplies,"Scissors, Rulers & Trimmers"
960,Order Finished,Mary O'Rourke,2011-05-07,37,569160,0.03,17075,Furniture,Office Furnishings
961,Order Finished,Nathan Cano,2012-07-10,23,1981000,0.04,79240,Technology,Computer Peripherals
962,Order Finished,Matt Abelman,2011-09-29,49,1303800,0.16,208608,Furniture,Office Furnishings
963,Order Finished,Michael Granlund,2010-10-25,27,5150020,0.09,463502,Technology,Computer Peripherals
965,Order Finished,Ken Heidel,2011-11-23,2,137320,0.06,8239,Office Supplies,Paper
968,Order Finished,Chad Sievert,2010-11-17,28,5504000,0.06,330240,Technology,Computer Peripherals
969,Order Finished,John Castell,2012-08-10,13,128920,0.01,1289,Office Supplies,Labels
971,Order Finished,Hunter Lopez,2009-12-14,37,8823000,0.1,882300,Furniture,Chairs & Chairmats
973,Order Finished,Shaun Weien,2009-09-06,44,894840,0.05,44742,Office Supplies,Paper
974,Order Finished,Nathan Mautz,2012-08-16,41,181760,0.04,7270,Office Supplies,Rubber Bands
975,Order Finished,Theone Pippenger,2010-10-12,4,58100,0.08,4648,Technology,Computer Peripherals
976,Order Finished,Nathan Cano,2011-07-13,23,2629280,0.03,78878,Office Supplies,Paper
977,Order Finished,Bart Watters,2012-12-03,49,1277820,0.02,25556,Office Supplies,"Scissors, Rulers & Trimmers"
983,Order Finished,Hunter Lopez,2011-03-10,31,255800,0.07,17906,Office Supplies,Labels
985,Order Finished,Mike Kennedy,2011-04-11,26,147640,0.08,11811,Office Supplies,Binders & Binder Accessories
986,Order Finished,Mark Cousins,2011-04-16,38,309700,0.05,15485,Office Supplies,Appliances
987,Order Finished,Roland Black,2010-11-27,24,2311167,0.04,92447,Technology,Telephones & Communication
988,Order Finished,Bart Watters,2010-08-09,19,155140,0.0,0,Office Supplies,Binders & Binder Accessories
989,Order Returned,Parhena Norris,2010-08-26,24,1810640,0.02,36213,Office Supplies,Paper
991,Order Finished,Mike Kennedy,2010-05-20,10,128260,0.1,12826,Office Supplies,Binders & Binder Accessories
993,Order Finished,Sally Matthias,2011-09-07,16,1520497,0.04,60820,Technology,Telephones & Communication
994,Order Finished,Dana Kaydos,2009-09-06,43,10082920,0.06,604975,Furniture,Chairs & Chairmats
995,Order Finished,Dana Kaydos,2009-02-25,39,2280520,0.04,91221,Furniture,Office Furnishings
996,Order Finished,Sean Wendt,2010-01-02,32,22207500,0.1,2220750,Office Supplies,Storage & Organization
997,Order Finished,Nathan Mautz,2012-05-31,46,15931805,0.01,159318,Technology,Telephones & Communication
998,Order Finished,Aaron Smayling,2009-05-12,44,6404500,0.09,576405,Furniture,Office Furnishings
999,Order Finished,Parhena Norris,2010-10-22,8,57523040,0.04,2300922,Technology,Copiers & Fax
1000,Order Returned,Charles Sheldon,2009-06-17,33,1501320,0.0,0,Technology,Computer Peripherals
1005,Order Finished,Brad Norvell,2011-02-13,8,98080,0.02,1962,Office Supplies,Envelopes
1006,Order Finished,Parhena Norris,2012-07-20,26,279080,0.01,2791,Office Supplies,Binders & Binder Accessories
1008,Order Finished,Brian Derr,2011-10-12,18,3516820,0.06,211009,Office Supplies,Appliances
1009,Order Finished,Neil Ducich,2010-07-29,47,5533636,0.03,166009,Technology,Telephones & Communication
1011,Order Finished,Theone Pippenger,2012-10-04,30,4439580,0.1,443958,Technology,Office Machines
1012,Order Finished,Theone Pippenger,2012-08-07,35,390460,0.08,31237,Furniture,Office Furnishings
1013,Order Finished,Mike Kennedy,2011-02-19,4,6931940,0.08,554555,Office Supplies,Binders & Binder Accessories
1016,Order Finished,Dana Kaydos,2012-04-12,10,262180,0.01,2622,Furniture,Office Furnishings
1017,Order Finished,Nathan Mautz,2009-06-01,17,248120,0.09,22331,Office Supplies,Envelopes
1019,Order Finished,Art Ferguson,2012-02-26,29,866880,0.1,86688,Furniture,Office Furnishings
1020,Order Returned,Roland Black,2012-07-10,8,111180,0.03,3335,Office Supplies,Binders & Binder Accessories
1021,Order Finished,Steve Carroll,2012-05-17,33,224720,0.08,17978,Office Supplies,Binders & Binder Accessories
1022,Order Finished,Nathan Mautz,2009-01-22,36,1125600,0.02,22512,Office Supplies,Binders & Binder Accessories
1025,Order Finished,Nathan Cano,2009-06-29,43,521180,0.09,46906,Office Supplies,Paper
1026,Order Finished,Shaun Weien,2012-03-27,13,150540,0.06,9032,Office Supplies,Binders & Binder Accessories
1027,Order Finished,Brad Norvell,2012-05-03,42,729600,0.01,7296,Office Supplies,Envelopes
1031,Order Returned,Dennis Bolton,2010-10-29,14,399860,0.1,39986,Office Supplies,Appliances
1032,Order Finished,Mary O'Rourke,2009-02-23,22,1669620,0.03,50089,Office Supplies,Storage & Organization
1034,Order Returned,Meg O'Connel,2009-07-26,10,3851660,0.09,346649,Office Supplies,Appliances
1037,Order Returned,Robert Waldorf,2011-09-08,17,714860,0.08,57189,Technology,Computer Peripherals
1039,Order Finished,Julia Dunbar,2010-08-17,43,529500,0.08,42360,Office Supplies,Paper
1043,Order Finished,Guy Thornton,2010-11-21,40,1866420,0.05,93321,Furniture,Office Furnishings
1044,Order Finished,Helen Andreada,2010-02-07,10,1496500,0.05,74825,Furniture,Bookcases
1046,Order Finished,Meg O'Connel,2011-05-01,50,7808240,0.07,546577,Furniture,Bookcases
1049,Order Finished,Ken Lonsdale,2012-08-30,17,1037600,0.1,103760,Office Supplies,Binders & Binder Accessories
1050,Order Finished,Christine Sundaresam,2009-09-06,10,85340,0.06,5120,Office Supplies,Binders & Binder Accessories
1051,Order Finished,Maria Bertelson,2010-12-12,32,1381760,0.08,110541,Furniture,Office Furnishings
1052,Order Finished,Ken Lonsdale,2012-06-02,32,1648480,0.1,164848,Technology,Computer Peripherals
1053,Order Finished,Bruce Stewart,2011-02-05,14,876940,0.02,17539,Office Supplies,Binders & Binder Accessories
1056,Order Finished,Maria Bertelson,2010-05-30,6,643420,0.1,64342,Office Supplies,Binders & Binder Accessories
1058,Order Finished,Brian Thompson,2009-12-05,35,873960,0.07,61177,Furniture,Office Furnishings
1060,Order Finished,Liz Thompson,2010-02-21,38,142240,0.1,14224,Office Supplies,Rubber Bands
1063,Order Finished,Christine Sundaresam,2010-11-21,27,171540,0.03,5146,Office Supplies,Binders & Binder Accessories
1065,Order Finished,Hallie Redmond,2010-04-03,1,2819720,0.07,197380,Technology,Office Machines
1070,Order Finished,Maria Bertelson,2011-08-20,37,505980,0.08,40478,Office Supplies,Pens & Art Supplies
1072,Order Finished,Ivan Gibson,2009-08-06,31,327780,0.02,6556,Technology,Computer Peripherals
1073,Order Finished,Ken Lonsdale,2009-10-07,2,309880,0.09,27889,Technology,Computer Peripherals
1081,Order Finished,Joseph Airdo,2010-08-22,21,15024060,0.09,1352165,Office Supplies,Appliances
1082,Order Finished,Christina Vanderzanden,2012-03-12,27,5707767,0.06,342466,Technology,Telephones & Communication
1083,Order Finished,Joseph Airdo,2011-11-09,31,481260,0.02,9625,Technology,Computer Peripherals
1085,Order Finished,Joseph Airdo,2011-07-18,3,17200,0.09,1548,Office Supplies,Labels
1086,Order Returned,Guy Thornton,2010-09-29,13,3327660,0.1,332766,Furniture,Bookcases
1087,Order Finished,Robert Waldorf,2011-01-25,24,530700,0.02,10614,Office Supplies,Paper
1088,Order Finished,Guy Thornton,2009-06-25,40,14762380,0.04,590495,Office Supplies,Appliances
1091,Order Finished,Katrina Bavinger,2009-04-26,18,6688220,0.03,200647,Furniture,Chairs & Chairmats
1092,Order Finished,Meg O'Connel,2012-11-05,32,926000,0.07,64820,Office Supplies,Binders & Binder Accessories
1094,Order Finished,Christine Sundaresam,2011-07-03,39,226180,0.04,9047,Office Supplies,Pens & Art Supplies
1095,Order Returned,Guy Thornton,2009-01-12,27,3206540,0.01,32065,Office Supplies,Appliances
1104,Order Finished,Liz Thompson,2012-08-14,9,103500,0.05,5175,Office Supplies,Pens & Art Supplies
1106,Order Finished,Christine Sundaresam,2011-01-06,16,217460,0.04,8698,Furniture,Office Furnishings
1110,Order Finished,Maria Bertelson,2012-01-24,31,1228700,0.02,24574,Office Supplies,Paper
1113,Order Finished,Meg O'Connel,2012-07-05,46,651940,0.02,13039,Office Supplies,"Scissors, Rulers & Trimmers"
1114,Order Finished,Maria Bertelson,2012-03-02,45,2750753,0.03,82523,Technology,Telephones & Communication
1116,Order Finished,Robert Waldorf,2009-07-14,47,1891720,0.1,189172,Office Supplies,Pens & Art Supplies
1123,Order Finished,Guy Thornton,2011-02-04,32,147100,0.09,13239,Office Supplies,Rubber Bands
1125,Order Finished,Rob Beeghly,2010-07-24,42,745380,0.01,7454,Office Supplies,Binders & Binder Accessories
1126,Order Returned,Ivan Gibson,2012-10-17,11,131000,0.08,10480,Technology,Computer Peripherals
1128,Order Finished,Bill Eplett,2009-03-05,5,371580,0.02,7432,Technology,Computer Peripherals
1130,Order Finished,Julie Prescott,2010-05-08,32,343040,0.1,34304,Office Supplies,Envelopes
1131,Order Finished,Meg O'Connel,2009-09-28,16,168020,0.06,10081,Furniture,Office Furnishings
1134,Order Finished,Meg O'Connel,2009-05-26,9,212100,0.02,4242,Office Supplies,Appliances
1135,Order Finished,Christina Vanderzanden,2010-02-20,40,2740980,0.08,219278,Furniture,Office Furnishings
1136,Order Finished,Doug O'Connell,2010-12-04,5,78880,0.0,0,Office Supplies,Binders & Binder Accessories
1137,Order Finished,Christina Vanderzanden,2010-08-05,26,391020,0.03,11731,Office Supplies,Binders & Binder Accessories
1138,Order Finished,Maria Bertelson,2011-12-09,4,340900,0.09,30681,Office Supplies,Appliances
1141,Order Finished,Christina Vanderzanden,2012-08-05,11,2510960,0.06,150658,Technology,Office Machines
1142,Order Finished,Craig Carroll,2009-06-19,3,92920,0.1,9292,Office Supplies,Appliances
1143,Order Finished,Liz Mac Kendrick,2010-03-02,32,607180,0.1,60718,Furniture,Office Furnishings
1144,Order Finished,Craig Carroll,2009-03-11,36,635180,0.06,38111,Office Supplies,Binders & Binder Accessories
1146,Order Finished,Liz Mac Kendrick,2010-07-23,47,2011480,0.1,201148,Furniture,Office Furnishings
1151,Order Finished,Russell Applegate,2009-06-22,50,30767400,0.03,923022,Office Supplies,Binders & Binder Accessories
1153,Order Finished,Bill Donatelli,2010-12-07,1,713900,0.08,57112,Office Supplies,Binders & Binder Accessories
1155,Order Returned,Bobby Odegard,2010-06-06,4,67280,0.07,4710,Technology,Computer Peripherals
1158,Order Returned,Duane Benoit,2011-04-12,4,947760,0.01,9478,Furniture,Chairs & Chairmats
1160,Order Finished,Bill Donatelli,2009-12-12,32,541460,0.1,54146,Office Supplies,Binders & Binder Accessories
1162,Order Finished,Russell Applegate,2012-06-12,21,128880,0.0,0,Office Supplies,Envelopes
1164,Order Finished,Duane Benoit,2009-04-10,29,18985840,0.05,949292,Office Supplies,Appliances
1168,Order Finished,Russell Applegate,2010-06-24,19,216420,0.08,17314,Office Supplies,Paper
1173,Order Finished,Brad Eason,2009-04-11,47,1774900,0.1,177490,Office Supplies,Binders & Binder Accessories
1174,Order Finished,Bill Donatelli,2011-03-15,44,18998600,0.01,189986,Furniture,Chairs & Chairmats
1175,Order Finished,Russell Applegate,2011-12-20,36,5089970,0.07,356298,Technology,Telephones & Communication
1176,Order Finished,Duane Benoit,2012-03-23,13,1456050,0.04,58242,Technology,Telephones & Communication
1178,Order Finished,Harold Pawlan,2009-06-11,26,2990368,0.0,0,Technology,Telephones & Communication
1179,Order Finished,Bill Donatelli,2011-03-30,7,47680,0.02,954,Office Supplies,Labels
1180,Order Finished,Duane Benoit,2011-04-19,8,1418740,0.1,141874,Furniture,Chairs & Chairmats
1181,Order Finished,Bill Donatelli,2009-02-06,45,15097300,0.03,452919,Furniture,Chairs & Chairmats
1183,Order Finished,Harold Pawlan,2011-02-05,17,225140,0.08,18011,Office Supplies,Paper
1186,Order Finished,Cari Sayre,2010-09-19,33,5335840,0.01,53358,Furniture,Office Furnishings
1188,Order Finished,Harold Pawlan,2011-07-21,17,234660,0.07,16426,Office Supplies,Paper
1189,Order Finished,Adam Bellavance,2010-03-07,1,99220,0.0,0,Office Supplies,Paper
1194,Order Finished,Sean O'Donnell,2009-06-14,11,131400,0.01,1314,Office Supplies,Pens & Art Supplies
1195,Order Finished,Sean O'Donnell,2009-02-26,22,254660,0.02,5093,Office Supplies,Binders & Binder Accessories
1197,Order Finished,Sandra Glassco,2010-06-20,42,427500,0.03,12825,Technology,Computer Peripherals
1199,Order Finished,Sandra Glassco,2012-06-24,3,28980,0.09,2608,Office Supplies,Pens & Art Supplies
1207,Order Finished,Rick Wilson,2010-06-23,31,590900,0.03,17727,Furniture,Office Furnishings
1208,Order Returned,Sandra Glassco,2010-02-22,5,32480,0.01,325,Office Supplies,Labels
1210,Order Finished,Skye Norling,2010-01-21,13,163360,0.08,13069,Office Supplies,Paper
1211,Order Finished,Sandra Glassco,2010-01-07,21,294320,0.01,2943,Office Supplies,Paper
1217,Order Finished,Joni Blumstein,2012-07-11,36,466860,0.03,14006,Office Supplies,Binders & Binder Accessories
1218,Order Finished,Pete Armstrong,2012-07-09,27,18837460,0.0,0,Furniture,Chairs & Chairmats
1219,Order Finished,Pete Armstrong,2011-04-25,8,114080,0.05,5704,Office Supplies,Paper
1220,Order Finished,Joni Blumstein,2011-12-31,45,23065980,0.07,1614619,Technology,Office Machines
1222,Order Finished,Pauline Chand,2010-01-16,33,252760,0.08,20221,Office Supplies,Paper
1225,Order Finished,Nat Gilpin,2009-11-19,4,1165180,0.07,81563,Office Supplies,Storage & Organization
1227,Order Finished,Pauline Chand,2012-10-18,27,158880,0.06,9533,Office Supplies,Labels
1229,Order Finished,Rose O'Brian,2012-10-12,26,7011200,0.03,210336,Furniture,Chairs & Chairmats
1230,Order Finished,Jennifer Halladay,2010-10-09,22,193500,0.04,7740,Office Supplies,Binders & Binder Accessories
1231,Order Finished,Joni Blumstein,2011-07-03,47,10103780,0.02,202076,Furniture,Office Furnishings
1232,Order Finished,Joni Blumstein,2009-12-12,2,605820,0.04,24233,Furniture,Tables
1233,Order Finished,Joni Blumstein,2012-12-18,44,235940,0.1,23594,Office Supplies,Labels
1239,Order Finished,Nat Gilpin,2009-12-06,14,174460,0.09,15701,Office Supplies,Binders & Binder Accessories
1241,Order Finished,Joni Blumstein,2009-01-09,9,91740,0.02,1835,Office Supplies,Labels
1242,Order Finished,Pauline Chand,2012-10-19,22,643820,0.06,38629,Office Supplies,Binders & Binder Accessories
1243,Order Finished,Nat Gilpin,2011-04-06,20,4454680,0.09,400921,Office Supplies,Storage & Organization
1246,Order Finished,Pete Armstrong,2011-04-22,3,56220,0.03,1687,Technology,Computer Peripherals
1247,Order Finished,Nat Gilpin,2009-06-10,14,265440,0.05,13272,Office Supplies,Binders & Binder Accessories
1248,Order Finished,Joni Blumstein,2011-04-26,46,800500,0.02,16010,Technology,Computer Peripherals
1249,Order Returned,Daniel Raglin,2012-03-14,18,1223420,0.02,24468,Office Supplies,Binders & Binder Accessories
1250,Order Finished,Rose O'Brian,2011-06-29,27,271720,0.04,10869,Office Supplies,Paper
1254,Order Returned,Anna Gayman,2009-04-27,13,300260,0.09,27023,Office Supplies,Paper
1255,Order Returned,Pauline Chand,2011-10-05,6,677780,0.07,47445,Office Supplies,Paper
1256,Order Finished,Pauline Chand,2009-01-07,11,1215194,0.07,85064,Technology,Telephones & Communication
1258,Order Finished,Nat Gilpin,2012-04-29,41,4503827,0.04,180153,Technology,Telephones & Communication
1259,Order Returned,Ritsa Hightower,2010-08-24,48,1410880,0.04,56435,Furniture,Office Furnishings
1260,Order Finished,Daniel Raglin,2009-03-16,14,423760,0.1,42376,Office Supplies,Envelopes
1261,Order Finished,Nat Gilpin,2010-04-15,32,2062460,0.07,144372,Furniture,Office Furnishings
1263,Order Finished,Corinna Mitchell,2010-12-22,21,6646880,0.03,199406,Technology,Computer Peripherals
1265,Order Finished,Ritsa Hightower,2010-09-29,10,17408160,0.05,870408,Furniture,Bookcases
1266,Order Finished,Eva Jacobs,2009-06-11,3,42920,0.05,2146,Office Supplies,Paper
1267,Order Finished,Corinna Mitchell,2009-06-21,24,5841660,0.02,116833,Technology,Office Machines
1269,Order Finished,Jennifer Halladay,2012-01-19,50,13257100,0.1,1325710,Technology,Office Machines
1271,Order Finished,Ritsa Hightower,2012-07-12,17,257000,0.02,5140,Office Supplies,Paper
1273,Order Finished,Pauline Chand,2010-03-14,16,5446200,0.07,381234,Office Supplies,Storage & Organization
1277,Order Finished,Ritsa Hightower,2012-05-12,9,374260,0.09,33683,Furniture,Office Furnishings
1278,Order Finished,Joni Blumstein,2010-01-02,34,140500,0.1,14050,Furniture,Office Furnishings
1279,Order Finished,Jas O'Carroll,2009-08-17,11,118060,0.04,4722,Office Supplies,Paper
1281,Order Finished,Daniel Raglin,2012-09-28,27,3646080,0.09,328147,Furniture,Bookcases
1282,Order Finished,Pauline Chand,2012-03-20,6,513200,0.0,0,Technology,Computer Peripherals
1287,Order Finished,Michael Nguyen,2010-12-21,48,29113340,0.04,1164534,Technology,Office Machines
1289,Order Finished,Lisa De Cherney,2011-04-02,32,1027480,0.02,20550,Office Supplies,Binders & Binder Accessories
1293,Order Finished,Philip Brown,2010-12-08,37,35434680,0.0,0,Technology,Office Machines
1294,Order Finished,Paul Prost,2010-10-19,33,3292940,0.05,164647,Office Supplies,Paper
1295,Order Returned,Lisa De Cherney,2010-12-30,45,520740,0.02,10415,Office Supplies,Pens & Art Supplies
1296,Order Finished,Lisa De Cherney,2012-06-08,24,231080,0.04,9243,Office Supplies,Paper
1300,Order Finished,Paul Prost,2009-01-17,25,560860,0.1,56086,Office Supplies,Pens & Art Supplies
1303,Order Finished,Paul Mac Intyre,2011-10-22,27,3005320,0.07,210372,Office Supplies,Binders & Binder Accessories
1305,Order Returned,Erin Creighton,2010-10-26,47,4059500,0.06,243570,Office Supplies,Pens & Art Supplies
1306,Order Finished,Henry Mac Allister,2009-06-13,16,2479263,0.0,0,Technology,Telephones & Communication
1307,Order Finished,Candace Mc Mahon,2011-07-19,45,713400,0.02,14268,Furniture,Office Furnishings
1308,Order Finished,Tamara Chand,2010-01-22,39,9827380,0.02,196548,Furniture,Bookcases
1309,Order Finished,Duane Huffman,2009-11-21,18,346400,0.01,3464,Office Supplies,"Scissors, Rulers & Trimmers"
1313,Order Finished,Anthony Witt,2012-02-19,41,682720,0.09,61445,Technology,Computer Peripherals
1314,Order Returned,Ted Trevino,2011-06-17,15,2594608,0.0,0,Technology,Telephones & Communication
1315,Order Finished,Ed Ludwig,2012-05-18,49,4095160,0.01,40952,Technology,Computer Peripherals
1319,Order Finished,Eileen Kiefer,2010-10-21,14,69180,0.04,2767,Office Supplies,"Scissors, Rulers & Trimmers"
1321,Order Finished,Tamara Dahlen,2012-03-11,7,33174260,0.08,2653941,Technology,Office Machines
1324,Order Finished,Gary Zandusky,2011-09-22,21,16371780,0.09,1473460,Office Supplies,Storage & Organization
1325,Order Finished,Ann Blume,2009-11-22,27,519440,0.07,36361,Office Supplies,Paper
1326,Order Finished,Erin Smith,2010-09-28,38,2286700,0.04,91468,Furniture,Office Furnishings
1328,Order Finished,Erin Creighton,2009-09-29,6,98080,0.02,1962,Furniture,Office Furnishings
1330,Order Finished,Gary Zandusky,2010-03-30,29,705100,0.09,63459,Office Supplies,Binders & Binder Accessories
1331,Order Finished,Tamara Dahlen,2011-04-11,38,7642078,0.05,382104,Technology,Telephones & Communication
1333,Order Returned,Edward Nazzal,2010-01-28,47,9776280,0.07,684340,Furniture,Office Furnishings
1334,Order Finished,Frank Carlisle,2011-03-17,2,1771880,0.08,141750,Technology,Copiers & Fax
1335,Order Finished,Gary Hansen,2012-01-05,10,241060,0.1,24106,Furniture,Office Furnishings
1336,Order Finished,Nancy Lomonaco,2009-05-24,34,10523460,0.05,526173,Furniture,Chairs & Chairmats
1339,Order Finished,Kelly Lampkin,2011-05-01,20,312940,0.01,3129,Office Supplies,Binders & Binder Accessories
1340,Order Finished,Erin Ashbrook,2011-07-01,38,3119000,0.01,31190,Technology,Computer Peripherals
1341,Order Returned,Darren Budd,2012-05-20,21,2005540,0.07,140388,Furniture,Office Furnishings
1343,Order Finished,James Lanier,2009-03-01,37,869540,0.02,17391,Office Supplies,Paper
1346,Order Finished,James Lanier,2009-10-13,12,306880,0.05,15344,Furniture,Office Furnishings
1347,Order Finished,Christine Phan,2010-06-05,46,8670680,0.07,606948,Technology,Computer Peripherals
1350,Order Finished,Eugene Hildebrand,2009-04-23,50,4697320,0.02,93946,Office Supplies,Appliances
1353,Order Finished,Edward Becker,2010-01-10,21,223320,0.06,13399,Office Supplies,Paper
1359,Order Finished,Melanie Page,2010-04-20,44,4679040,0.1,467904,Office Supplies,Paper
1362,Order Finished,Darren Budd,2010-12-12,48,20682940,0.03,620488,Furniture,Chairs & Chairmats
1363,Order Finished,Kelly Lampkin,2009-11-30,3,1123300,0.04,44932,Furniture,Chairs & Chairmats
1364,Order Returned,Dan Lawera,2011-07-06,12,1031300,0.0,0,Office Supplies,Appliances
1365,Order Finished,George Ashbrook,2012-06-11,46,10046507,0.01,100465,Technology,Telephones & Communication
1366,Order Finished,Henry Mac Allister,2010-03-08,2,51040,0.01,510,Furniture,Office Furnishings
1371,Order Returned,Arthur Wiediger,2009-11-15,12,162860,0.08,13029,Office Supplies,Paper
1372,Order Finished,Duane Huffman,2012-06-15,35,1500060,0.07,105004,Office Supplies,Storage & Organization
1373,Order Finished,Jim Mitchum,2010-10-13,22,1943640,0.07,136055,Technology,Computer Peripherals
1375,Order Finished,Alan Hwang,2012-04-03,18,5406740,0.09,486607,Furniture,Chairs & Chairmats
1376,Order Finished,Edward Becker,2009-05-21,36,563420,0.02,11268,Office Supplies,Envelopes
1378,Order Finished,Frank Hawley,2012-04-27,47,2893940,0.0,0,Technology,Computer Peripherals
1380,Order Finished,Jim Mitchum,2009-08-14,24,317560,0.04,12702,Furniture,Office Furnishings
1381,Order Finished,Theresa Coyne,2010-03-07,8,702980,0.03,21089,Office Supplies,Binders & Binder Accessories
1382,Order Finished,Frank Hawley,2009-02-12,22,6441160,0.04,257646,Technology,Office Machines
1383,Order Finished,Ivan Liston,2011-09-10,5,1044120,0.06,62647,Furniture,Office Furnishings
1385,Order Finished,Darren Powers,2011-01-09,39,537880,0.02,10758,Office Supplies,Paper
1389,Order Finished,Naresj Patel,2011-08-09,3,20660,0.04,826,Office Supplies,Rubber Bands
1390,Order Finished,Ruben Ausman,2010-07-20,15,13866900,0.04,554676,Technology,Copiers & Fax
1391,Order Finished,Roy French,2011-01-19,9,84420,0.0,0,Office Supplies,Labels
1394,Order Finished,Gary Hansen,2011-04-08,31,1789280,0.01,17893,Furniture,Office Furnishings
1401,Order Finished,Ivan Liston,2012-10-30,28,161060,0.01,1611,Office Supplies,Pens & Art Supplies
1402,Order Finished,Dave Hallsten,2012-03-12,32,472900,0.06,28374,Office Supplies,Storage & Organization
1404,Order Finished,Ivan Liston,2011-04-29,48,4566440,0.03,136993,Office Supplies,Paper
1405,Order Finished,Nancy Lomonaco,2011-05-20,37,517080,0.05,25854,Office Supplies,Paper
1409,Order Finished,Ed Ludwig,2012-07-12,45,623300,0.03,18699,Office Supplies,Binders & Binder Accessories
1412,Order Finished,George Ashbrook,2012-04-05,43,174620,0.05,8731,Office Supplies,Binders & Binder Accessories
1414,Order Finished,Naresj Patel,2009-11-02,43,470180,0.08,37614,Office Supplies,Appliances
1415,Order Finished,Anna Haberlin,2011-04-10,45,9197460,0.04,367898,Technology,Computer Peripherals
1418,Order Returned,Larry Hughes,2009-11-06,27,885140,0.01,8851,Office Supplies,Storage & Organization
1423,Order Finished,Darren Powers,2012-12-25,16,558654,0.05,27933,Technology,Telephones & Communication
1424,Order Finished,Edward Nazzal,2012-09-11,34,250920,0.07,17564,Office Supplies,Binders & Binder Accessories
1425,Order Finished,George Ashbrook,2010-08-13,33,95980,0.06,5759,Office Supplies,Rubber Bands
1430,Order Finished,Duane Huffman,2009-05-20,25,1503040,0.09,135274,Office Supplies,Binders & Binder Accessories
1433,Order Finished,Gary Mitchum,2009-08-11,4,33200,0.1,3320,Office Supplies,Labels
1434,Order Finished,George Ashbrook,2010-09-11,38,1106040,0.1,110604,Technology,Computer Peripherals
1439,Order Returned,Dave Hallsten,2011-02-07,37,6703100,0.04,268124,Furniture,Office Furnishings
1440,Order Finished,Gary Zandusky,2011-10-24,30,1064220,0.01,10642,Office Supplies,Envelopes
1441,Order Finished,Candace Mc Mahon,2010-07-29,32,433580,0.07,30351,Furniture,Office Furnishings
1442,Order Returned,Alan Hwang,2011-10-07,41,516260,0.03,15488,Office Supplies,Rubber Bands
1443,Order Finished,Edward Nazzal,2012-05-06,37,10764480,0.1,1076448,Technology,Computer Peripherals
1444,Order Finished,Candace Mc Mahon,2012-03-28,26,466060,0.05,23303,Office Supplies,Envelopes
1446,Order Finished,Erin Creighton,2011-02-14,27,609960,0.08,48797,Office Supplies,Binders & Binder Accessories
1447,Order Finished,Melanie Page,2010-04-06,33,952120,0.04,38085,Office Supplies,Storage & Organization
1448,Order Returned,Mike Caudle,2011-12-21,29,3512220,0.1,351222,Office Supplies,Storage & Organization
1449,Order Finished,Erin Ashbrook,2009-10-09,10,2272940,0.1,227294,Office Supplies,Binders & Binder Accessories
1451,Order Finished,Erin Ashbrook,2011-02-16,45,2019600,0.07,141372,Technology,Computer Peripherals
1452,Order Finished,Arthur Wiediger,2012-09-05,30,9175852,0.1,917585,Technology,Telephones & Communication
1454,Order Finished,Darren Budd,2012-11-09,7,2557293,0.01,25573,Technology,Telephones & Communication
1457,Order Finished,Nat Carroll,2010-07-30,2,26880,0.08,2150,Office Supplies,Paper
1458,Order Finished,David Smith,2010-02-03,41,4708800,0.0,0,Technology,Computer Peripherals
1461,Order Finished,Edward Nazzal,2012-11-18,45,27843200,0.02,556864,Office Supplies,Appliances
1462,Order Finished,George Ashbrook,2010-04-09,8,77120,0.03,2314,Office Supplies,Binders & Binder Accessories
1463,Order Finished,Jonathan Howell,2010-09-30,3,44120,0.05,2206,Office Supplies,Paper
1466,Order Returned,Brian Stugart,2011-01-25,18,1386120,0.06,83167,Office Supplies,Envelopes
1467,Order Finished,Christine Phan,2010-09-17,35,599360,0.06,35962,Office Supplies,Binders & Binder Accessories
1468,Order Finished,Matt Hagelstein,2012-12-30,37,514920,0.09,46343,Office Supplies,Paper
1469,Order Finished,Frank Carlisle,2012-07-09,27,622420,0.09,56018,Office Supplies,Paper
1474,Order Finished,Edward Nazzal,2009-07-30,7,423487,0.04,16939,Technology,Telephones & Communication
1479,Order Finished,Patrick Bzostek,2010-11-22,25,28481520,0.06,1708891,Technology,Copiers & Fax
1483,Order Finished,Dave Hallsten,2010-11-24,7,75600,0.06,4536,Office Supplies,Paper
1484,Order Finished,Dan Lawera,2010-09-14,16,5653800,0.07,395766,Furniture,Chairs & Chairmats
1486,Order Finished,Bill Stewart,2011-04-02,14,195860,0.07,13710,Office Supplies,Appliances
1489,Order Finished,Nat Carroll,2009-04-10,29,406800,0.04,16272,Office Supplies,Pens & Art Supplies
1491,Order Finished,Naresj Patel,2012-04-06,29,135740,0.07,9502,Office Supplies,Appliances
1493,Order Finished,Joni Sundaresam,2012-09-19,30,637120,0.08,50970,Office Supplies,Appliances
1494,Order Finished,Duane Huffman,2010-03-22,43,3023400,0.02,60468,Office Supplies,Pens & Art Supplies
1495,Order Finished,Theresa Coyne,2010-10-20,43,14573300,0.03,437199,Furniture,Bookcases
1500,Order Finished,Duane Huffman,2010-10-18,31,219560,0.06,13174,Office Supplies,Labels
1501,Order Finished,Gary Hansen,2010-08-04,20,382860,0.06,22972,Office Supplies,Binders & Binder Accessories
1502,Order Finished,Joni Sundaresam,2012-03-08,17,211700,0.1,21170,Technology,Computer Peripherals
1504,Order Finished,Duane Huffman,2009-06-29,34,570120,0.08,45610,Furniture,Office Furnishings
1506,Order Finished,David Smith,2010-12-27,34,253240,0.03,7597,Office Supplies,Rubber Bands
1509,Order Finished,David Philippe,2012-08-19,46,3507500,0.07,245525,Furniture,Office Furnishings
1510,Order Finished,Nat Carroll,2009-03-24,42,1161120,0.1,116112,Office Supplies,Binders & Binder Accessories
1511,Order Finished,Darren Budd,2012-03-29,50,3014320,0.02,60286,Technology,Computer Peripherals
1513,Order Finished,Noah Childs,2010-08-27,39,6921125,0.1,692113,Technology,Telephones & Communication
1514,Order Finished,Duane Huffman,2011-12-10,32,14683920,0.0,0,Furniture,Chairs & Chairmats
1519,Order Returned,Alan Hwang,2010-11-18,33,5403380,0.05,270169,Furniture,Bookcases
1521,Order Finished,Amy Cox,2009-10-23,12,4461940,0.06,267716,Furniture,Chairs & Chairmats
1522,Order Finished,Darren Budd,2010-08-14,13,143140,0.02,2863,Furniture,Bookcases
1523,Order Returned,Mike Caudle,2011-10-18,14,25610500,0.01,256105,Office Supplies,Binders & Binder Accessories
1525,Order Finished,James Lanier,2011-03-04,50,22532800,0.08,1802624,Furniture,Chairs & Chairmats
1526,Order Returned,Erin Creighton,2010-05-25,30,259420,0.08,20754,Office Supplies,Paper
1527,Order Finished,Cari Mac Intyre,2010-08-13,45,323340,0.08,25867,Office Supplies,Paper
1529,Order Finished,Eudokia Martin,2009-04-05,26,1129960,0.1,112996,Office Supplies,Binders & Binder Accessories
1530,Order Finished,Cari Mac Intyre,2012-01-28,41,4761139,0.01,47611,Technology,Telephones & Communication
1534,Order Finished,Brian Stugart,2010-03-24,32,12491520,0.1,1249152,Office Supplies,Storage & Organization
1537,Order Finished,Eudokia Martin,2010-11-30,24,1054500,0.01,10545,Office Supplies,Binders & Binder Accessories
1540,Order Finished,Mike Caudle,2011-04-20,23,980340,0.04,39214,Technology,Computer Peripherals
1541,Order Finished,Andy Reiter,2010-07-14,48,828840,0.04,33154,Technology,Computer Peripherals
1543,Order Finished,Jim Mitchum,2009-09-14,26,250020,0.08,20002,Office Supplies,Paper
1544,Order Finished,Amy Cox,2009-09-12,33,121840,0.07,8529,Office Supplies,Binders & Binder Accessories
1546,Order Finished,Melanie Page,2009-05-05,47,11135580,0.04,445423,Office Supplies,Appliances
1547,Order Returned,Dave Hallsten,2011-04-17,47,3960740,0.03,118822,Office Supplies,Binders & Binder Accessories
1548,Order Finished,Eugene Hildebrand,2009-05-21,44,185720,0.04,7429,Office Supplies,Binders & Binder Accessories
1549,Order Finished,Nancy Lomonaco,2010-06-25,38,18027160,0.04,721086,Office Supplies,Appliances
1551,Order Finished,Andy Yotov,2010-07-17,29,369540,0.0,0,Office Supplies,"Scissors, Rulers & Trimmers"
1554,Order Returned,Naresj Patel,2012-09-04,38,2225080,0.01,22251,Office Supplies,Envelopes
1556,Order Finished,Roy French,2009-04-09,43,8150752,0.05,407538,Technology,Telephones & Communication
1557,Order Finished,Aimee Bixby,2011-02-24,46,3473060,0.1,347306,Office Supplies,Appliances
1563,Order Finished,Eugene Hildebrand,2009-09-12,4,691140,0.06,41468,Office Supplies,Storage & Organization
1565,Order Finished,Jonathan Howell,2012-01-31,21,1575260,0.05,78763,Technology,Computer Peripherals
1566,Order Finished,Brian Stugart,2011-10-09,21,2446220,0.0,0,Office Supplies,Appliances
1567,Order Finished,Magdelene Morse,2012-02-02,36,132820,0.04,5313,Office Supplies,Rubber Bands
1568,Order Finished,Edward Becker,2009-02-10,22,276480,0.06,16589,Office Supplies,Binders & Binder Accessories
1571,Order Finished,Christine Phan,2011-01-10,36,376680,0.04,15067,Office Supplies,Binders & Binder Accessories
1573,Order Finished,Ted Trevino,2012-04-26,40,6120740,0.07,428452,Technology,Computer Peripherals
1574,Order Finished,Tamara Dahlen,2010-12-21,15,204640,0.08,16371,Office Supplies,Paper
1575,Order Finished,Eileen Kiefer,2011-10-03,48,1891080,0.03,56732,Office Supplies,Paper
1577,Order Finished,David Philippe,2012-10-06,50,775580,0.01,7756,Office Supplies,Paper
1579,Order Finished,Anemone Ratner,2010-03-09,3,46760,0.08,3741,Office Supplies,Paper
1581,Order Finished,Melanie Page,2011-12-07,24,764380,0.03,22931,Office Supplies,Appliances
1582,Order Finished,Cynthia Arntzen,2009-01-20,27,7940660,0.02,158813,Furniture,Bookcases
1583,Order Finished,Erin Smith,2010-05-14,39,371380,0.02,7428,Office Supplies,Pens & Art Supplies
1586,Order Finished,Dean Braden,2011-03-13,6,857446,0.06,51447,Technology,Telephones & Communication
1590,Order Finished,Joni Sundaresam,2010-02-09,4,94060,0.08,7525,Office Supplies,Paper
1591,Order Finished,Tamara Chand,2011-05-03,16,225820,0.04,9033,Office Supplies,Paper
1594,Order Finished,George Ashbrook,2010-11-19,13,4169920,0.0,0,Furniture,Chairs & Chairmats
1596,Order Finished,Nat Carroll,2012-11-13,43,3409160,0.02,68183,Office Supplies,Appliances
1602,Order Finished,Edward Nazzal,2009-12-06,43,5960300,0.05,298015,Furniture,Office Furnishings
1605,Order Finished,Darren Budd,2010-03-05,32,106680,0.04,4267,Furniture,Office Furnishings
1606,Order Finished,Jesus Ocampo,2009-06-18,31,8967840,0.07,627749,Technology,Computer Peripherals
1607,Order Finished,Allen Golden,2012-05-07,10,100840,0.06,6050,Office Supplies,Binders & Binder Accessories
1608,Order Finished,Cynthia Arntzen,2012-04-01,35,308000,0.08,24640,Office Supplies,Pens & Art Supplies
1609,Order Finished,Eileen Kiefer,2011-07-17,6,921420,0.02,18428,Office Supplies,Storage & Organization
1612,Order Finished,Eileen Kiefer,2009-03-28,16,4730860,0.04,189234,Technology,Office Machines
1613,Order Returned,George Bell,2012-12-03,4,33820,0.08,2706,Office Supplies,Labels
1615,Order Returned,Cynthia Arntzen,2009-11-25,4,58480,0.01,585,Office Supplies,Paper
1616,Order Finished,Brian Stugart,2012-09-03,31,1693700,0.03,50811,Technology,Computer Peripherals
1618,Order Finished,Darren Budd,2010-03-17,29,1461020,0.08,116882,Furniture,Office Furnishings
1620,Order Returned,Edward Nazzal,2011-05-25,48,408300,0.07,28581,Office Supplies,Binders & Binder Accessories
1623,Order Returned,Nancy Lomonaco,2009-07-21,12,2489440,0.04,99578,Technology,Computer Peripherals
1625,Order Finished,Theresa Coyne,2012-11-08,28,224100,0.04,8964,Office Supplies,Paper
1626,Order Finished,Lena Creighton,2010-06-09,26,156440,0.03,4693,Office Supplies,Labels
1627,Order Returned,David Philippe,2012-03-04,34,1647960,0.09,148316,Office Supplies,Pens & Art Supplies
1628,Order Finished,Lena Creighton,2012-12-21,13,2780340,0.07,194624,Office Supplies,Storage & Organization
1632,Order Finished,Jeremy Ellison,2010-03-24,38,7845920,0.04,313837,Technology,Computer Peripherals
1634,Order Finished,Cari Mac Intyre,2010-11-04,23,2473908,0.06,148434,Technology,Telephones & Communication
1640,Order Finished,Eugene Hildebrand,2012-04-25,5,87220,0.04,3489,Furniture,Office Furnishings
1641,Order Finished,Noel Staavos,2009-08-18,34,10884284,0.0,0,Technology,Telephones & Communication
1642,Order Finished,Philip Brown,2009-04-02,40,28151980,0.08,2252158,Furniture,Chairs & Chairmats
1645,Order Finished,Erin Ashbrook,2011-03-17,12,902180,0.1,90218,Office Supplies,Envelopes
1648,Order Returned,Cari Mac Intyre,2011-03-24,5,166600,0.09,14994,Technology,Telephones & Communication
1649,Order Returned,Alan Hwang,2012-05-02,48,6011480,0.02,120230,Office Supplies,Appliances
1652,Order Finished,Jonathan Howell,2009-09-19,43,225260,0.08,18021,Office Supplies,Envelopes
1654,Order Returned,Duane Huffman,2011-08-28,32,395860,0.06,23752,Office Supplies,Paper
1656,Order Finished,Edward Nazzal,2010-01-22,1,70280,0.02,1406,Office Supplies,Binders & Binder Accessories
1660,Order Finished,Dave Hallsten,2009-07-04,21,1029060,0.04,41162,Office Supplies,Envelopes
1662,Order Finished,Jim Mitchum,2010-05-11,34,959680,0.02,19194,Office Supplies,Storage & Organization
1664,Order Returned,Darren Budd,2009-01-05,43,156160,0.08,12493,Furniture,Chairs & Chairmats
1667,Order Finished,Darren Budd,2010-01-03,37,588960,0.08,47117,Technology,Computer Peripherals
1668,Order Finished,Edward Becker,2009-07-26,16,177680,0.02,3554,Office Supplies,Paper
1670,Order Finished,Anemone Ratner,2012-02-01,48,725420,0.07,50779,Office Supplies,Binders & Binder Accessories
1674,Order Finished,Eugene Hildebrand,2012-05-13,27,10615000,0.09,955350,Furniture,Chairs & Chairmats
1677,Order Finished,Edward Becker,2011-10-07,21,137060,0.09,12335,Office Supplies,Pens & Art Supplies
1679,Order Finished,Jim Mitchum,2012-12-10,12,1010400,0.05,50520,Office Supplies,Appliances
1682,Order Returned,Thomas Boland,2011-07-15,6,56020,0.09,5042,Office Supplies,Labels
1683,Order Returned,Olvera Toch,2009-02-12,1,38640,0.03,1159,Office Supplies,Binders & Binder Accessories
1684,Order Finished,Lena Radford,2012-12-27,13,1519880,0.09,136789,Furniture,Chairs & Chairmats
1687,Order Returned,Todd Boyes,2012-09-13,41,12222337,0.06,733340,Technology,Telephones & Communication
1689,Order Finished,Michael Dominguez,2010-07-25,4,58840,0.06,3530,Office Supplies,Labels
1690,Order Returned,Sean Miller,2012-07-29,2,18500,0.01,185,Office Supplies,Labels
1693,Order Finished,Lena Radford,2011-02-20,3,145260,0.07,10168,Office Supplies,Pens & Art Supplies
1694,Order Returned,Todd Boyes,2009-12-13,22,237120,0.06,14227,Office Supplies,Binders & Binder Accessories
1695,Order Finished,Michelle Ellison,2012-04-24,27,236360,0.06,14182,Office Supplies,Appliances
1698,Order Finished,Sean Christensen,2011-09-04,18,67920,0.0,0,Office Supplies,Pens & Art Supplies
1701,Order Finished,Scot Coram,2011-10-23,44,2204560,0.03,66137,Office Supplies,Envelopes
1702,Order Finished,Natalie Fritzler,2009-03-01,10,1733320,0.09,155999,Technology,Office Machines
1704,Order Finished,Sean Miller,2009-11-22,48,2994635,0.01,29946,Technology,Telephones & Communication
1705,Order Returned,Olvera Toch,2011-11-10,35,2308280,0.07,161580,Technology,Computer Peripherals
1707,Order Finished,Michelle Ellison,2010-11-20,44,1228680,0.02,24574,Office Supplies,Storage & Organization
1708,Order Returned,Michael Dominguez,2012-01-09,39,557804,0.04,22312,Technology,Telephones & Communication
1711,Order Finished,Patricia Hirasaki,2012-07-21,31,960860,0.06,57652,Furniture,Office Furnishings
1712,Order Finished,Maria Zettner,2012-07-15,31,434280,0.0,0,Office Supplies,Paper
1716,Order Finished,Maria Zettner,2009-04-16,6,29071600,0.05,1453580,Technology,Office Machines
1718,Order Finished,Sean Miller,2010-10-09,1,723880,0.05,36194,Furniture,Chairs & Chairmats
1724,Order Finished,Sean Christensen,2009-10-13,37,2276860,0.01,22769,Technology,Computer Peripherals
1725,Order Finished,Lena Radford,2009-12-22,43,4927200,0.03,147816,Office Supplies,Paper
1727,Order Finished,Michael Dominguez,2009-08-05,44,1268240,0.04,50730,Office Supplies,Appliances
1729,Order Finished,Phillip Breyer,2010-09-21,41,590240,0.0,0,Office Supplies,Paper
1730,Order Finished,Michael Dominguez,2010-08-03,16,263440,0.09,23710,Technology,Computer Peripherals
1731,Order Finished,Scot Coram,2012-07-25,10,10113780,0.02,202276,Furniture,Chairs & Chairmats
1732,Order Finished,Michelle Ellison,2010-01-26,9,392240,0.01,3922,Technology,Computer Peripherals
1734,Order Finished,Maria Zettner,2011-06-19,34,429280,0.08,34342,Office Supplies,Paper
1735,Order Finished,Nathan Gelder,2010-06-09,17,506760,0.0,0,Office Supplies,"Scissors, Rulers & Trimmers"
1738,Order Finished,Nathan Gelder,2011-02-15,29,15674880,0.1,1567488,Office Supplies,Appliances
1740,Order Finished,Shahid Collister,2009-11-08,2,283180,0.05,14159,Office Supplies,Appliances
1742,Order Finished,Victoria Wilson,2009-10-28,14,734220,0.09,66080,Office Supplies,Binders & Binder Accessories
1743,Order Finished,Thomas Boland,2012-06-08,10,253580,0.04,10143,Office Supplies,Appliances
1744,Order Finished,Michael Dominguez,2010-12-02,23,2393720,0.06,143623,Technology,Computer Peripherals
1745,Order Finished,Phillip Breyer,2012-10-17,49,2710940,0.04,108438,Office Supplies,Binders & Binder Accessories
1749,Order Finished,Victoria Wilson,2011-11-10,21,5463460,0.07,382442,Technology,Telephones & Communication
1752,Order Finished,Victoria Wilson,2009-03-20,11,200720,0.02,4014,Office Supplies,Paper
1754,Order Returned,Michelle Ellison,2010-02-17,31,17910680,0.1,1791068,Furniture,Chairs & Chairmats
1755,Order Finished,Olvera Toch,2009-08-02,42,1154840,0.0,0,Office Supplies,Binders & Binder Accessories
1756,Order Finished,Sean Christensen,2009-03-17,25,164420,0.04,6577,Office Supplies,Paper
1758,Order Finished,Maria Zettner,2012-09-02,34,6260403,0.07,438228,Technology,Telephones & Communication
1760,Order Finished,Michelle Ellison,2009-04-06,39,4827060,0.06,289624,Furniture,Office Furnishings
1762,Order Finished,Thomas Boland,2009-04-01,23,530620,0.09,47756,Office Supplies,Binders & Binder Accessories
1763,Order Finished,Patricia Hirasaki,2010-08-05,44,1572520,0.01,15725,Technology,Computer Peripherals
1766,Order Returned,Michelle Ellison,2010-05-10,50,884620,0.02,17692,Furniture,Office Furnishings
1767,Order Returned,Sean Miller,2012-12-09,4,229660,0.04,9186,Technology,Computer Peripherals
1768,Order Finished,Patrick O'Donnell,2012-04-09,49,3069400,0.07,214858,Technology,Computer Peripherals
1772,Order Returned,Olvera Toch,2011-06-01,11,246680,0.07,17268,Office Supplies,Paper
1773,Order Returned,Michelle Ellison,2009-12-02,25,186440,0.06,11186,Office Supplies,Rubber Bands
1776,Order Finished,Scot Coram,2012-01-05,50,9924100,0.08,793928,Technology,Office Machines
1779,Order Finished,Sean Miller,2012-07-22,45,811200,0.07,56784,Office Supplies,Binders & Binder Accessories
1781,Order Finished,Lena Radford,2010-01-20,24,309980,0.07,21699,Office Supplies,Appliances
1783,Order Finished,Michelle Ellison,2011-09-10,2,501400,0.03,15042,Furniture,Chairs & Chairmats
1785,Order Finished,Patrick O'Donnell,2012-12-06,38,288060,0.03,8642,Office Supplies,Binders & Binder Accessories
1787,Order Returned,Nathan Gelder,2010-03-07,43,4757640,0.02,95153,Office Supplies,Binders & Binder Accessories
1788,Order Finished,Patricia Hirasaki,2010-02-27,24,614980,0.01,6150,Furniture,Office Furnishings
1791,Order Finished,Noel Staavos,2009-12-05,2,42880,0.02,858,Office Supplies,Paper
1792,Order Finished,Keith Herrera,2010-06-27,22,3119551,0.03,93587,Technology,Telephones & Communication
1795,Order Finished,Raymond Fair,2011-06-05,46,607240,0.02,12145,Technology,Computer Peripherals
1797,Order Finished,Karl Brown,2009-09-19,35,2284720,0.02,45694,Technology,Computer Peripherals
1798,Order Finished,Natalie Webber,2010-02-25,14,2758675,0.08,220694,Technology,Telephones & Communication
1801,Order Finished,Barry Franz,2010-11-29,14,923100,0.09,83079,Furniture,Office Furnishings
1804,Order Finished,Eric Barreto,2009-12-28,6,355340,0.03,10660,Office Supplies,Binders & Binder Accessories
1805,Order Finished,Chuck Sachs,2009-03-15,2,401506,0.09,36136,Technology,Telephones & Communication
1808,Order Finished,Karl Brown,2011-11-16,24,79380,0.05,3969,Office Supplies,Pens & Art Supplies
1809,Order Finished,Bobby Trafton,2012-07-19,50,17064304,0.04,682572,Furniture,Tables
1811,Order Finished,Rick Duston,2012-09-19,31,6162942,0.09,554665,Technology,Telephones & Communication
1813,Order Finished,Nora Paige,2010-01-03,19,2433000,0.1,243300,Office Supplies,Binders & Binder Accessories
1815,Order Finished,Harold Dahlen,2010-05-17,37,996560,0.01,9966,Office Supplies,Storage & Organization
1821,Order Finished,Rick Duston,2009-04-22,43,1891800,0.08,151344,Office Supplies,Pens & Art Supplies
1822,Order Finished,Eleni Mc Crary,2011-07-16,42,142640,0.08,11411,Office Supplies,Pens & Art Supplies
1823,Order Finished,Frank Atkinson,2010-06-30,33,1501720,0.0,0,Office Supplies,Binders & Binder Accessories
1824,Order Finished,Astrea Jones,2009-07-24,14,430620,0.09,38756,Office Supplies,Binders & Binder Accessories
1826,Order Finished,Cathy Hwang,2009-02-26,20,251680,0.1,25168,Office Supplies,Paper
1830,Order Finished,Fred Mc Math,2010-09-17,1,59300,0.05,2965,Office Supplies,Storage & Organization
1832,Order Finished,Tom Prescott,2009-06-10,7,114060,0.0,0,Technology,Computer Peripherals
1840,Order Finished,Tracy Poddar,2011-09-02,21,311460,0.03,9344,Office Supplies,Paper
1841,Order Finished,Michael Paige,2012-10-09,42,1586080,0.1,158608,Office Supplies,Binders & Binder Accessories
1844,Order Finished,Maureen Gastineau,2012-09-14,18,94800,0.03,2844,Office Supplies,Pens & Art Supplies
1846,Order Finished,Alex Grayson,2010-02-23,46,322560,0.01,3226,Office Supplies,Rubber Bands
1847,Order Finished,Muhammed Yedwab,2010-03-12,29,24197740,0.04,967910,Furniture,Tables
1849,Order Finished,Astrea Jones,2012-06-11,2,50180,0.07,3513,Office Supplies,Binders & Binder Accessories
1851,Order Finished,Dan Campbell,2012-10-04,15,1005600,0.0,0,Office Supplies,Envelopes
1857,Order Finished,Eric Murdock,2012-02-09,1,122196,0.02,2444,Technology,Telephones & Communication
1861,Order Finished,Nicole Brennan,2010-08-04,1,284480,0.08,22758,Furniture,Chairs & Chairmats
1864,Order Finished,Elpida Rittenbach,2010-01-08,19,177220,0.01,1772,Office Supplies,Binders & Binder Accessories
1865,Order Finished,David Wiener,2010-09-15,50,672120,0.01,6721,Office Supplies,Paper
1866,Order Finished,Elpida Rittenbach,2009-06-02,50,955060,0.09,85955,Office Supplies,Envelopes
1867,Order Finished,David Wiener,2010-02-25,3,630560,0.08,50445,Technology,Office Machines
1869,Order Finished,Elpida Rittenbach,2010-07-25,18,4778600,0.01,47786,Furniture,Chairs & Chairmats
1870,Order Finished,David Wiener,2011-01-20,7,257240,0.07,18007,Furniture,Office Furnishings
1872,Order Returned,Peter Mc Vee,2011-03-17,35,87140,0.1,8714,Office Supplies,Rubber Bands
1873,Order Finished,Karen Carlisle,2009-09-30,29,2387300,0.07,167111,Office Supplies,Binders & Binder Accessories
1874,Order Finished,Stefania Perrino,2011-05-19,4,80040,0.02,1601,Office Supplies,Pens & Art Supplies
1875,Order Finished,Jay Fine,2009-04-08,46,3791100,0.06,227466,Technology,Computer Peripherals
1878,Order Finished,George Zrebassa,2012-09-22,48,538740,0.05,26937,Office Supplies,Binders & Binder Accessories
1879,Order Finished,Karl Brown,2012-06-02,39,14677580,0.03,440327,Technology,Office Machines
1881,Order Finished,Alyssa Tate,2012-02-09,2,763200,0.1,76320,Office Supplies,Storage & Organization
1885,Order Returned,Natalie Webber,2012-06-27,49,590480,0.08,47238,Office Supplies,Binders & Binder Accessories
1886,Order Finished,Damala Kotsonis,2012-06-19,4,962540,0.02,19251,Furniture,Chairs & Chairmats
1887,Order Finished,Karen Carlisle,2012-04-04,16,453620,0.05,22681,Office Supplies,Binders & Binder Accessories
1891,Order Returned,Berenike Kampe,2011-10-18,46,315740,0.0,0,Office Supplies,Pens & Art Supplies
1892,Order Returned,Dean Percer,2012-06-24,4,3321720,0.04,132869,Office Supplies,Storage & Organization
1893,Order Returned,Muhammed Lee,2012-08-12,22,18124880,0.05,906244,Office Supplies,Binders & Binder Accessories
1894,Order Finished,Noel Staavos,2010-10-16,3,346660,0.09,31199,Office Supplies,Storage & Organization
1895,Order Finished,Bobby Trafton,2009-06-22,23,4867100,0.05,243355,Technology,Telephones & Communication
1896,Order Returned,Karl Brown,2009-06-15,14,156880,0.09,14119,Office Supplies,Binders & Binder Accessories
1897,Order Returned,Erica Hernandez,2011-12-21,28,458860,0.08,36709,Office Supplies,Envelopes
1898,Order Finished,Tony Molinari,2011-06-28,36,246260,0.05,12313,Office Supplies,Rubber Bands
1899,Order Finished,Elizabeth Moffitt,2009-08-14,15,4345030,0.06,260702,Technology,Telephones & Communication
1904,Order Finished,Deanra Eno,2012-08-05,6,1503420,0.09,135308,Office Supplies,Appliances
1906,Order Finished,Chuck Sachs,2011-12-08,11,366640,0.04,14666,Technology,Office Machines
1907,Order Finished,Chris Cortes,2009-01-19,5,197320,0.1,19732,Office Supplies,Paper
1909,Order Finished,Chuck Sachs,2010-04-29,5,4722200,0.01,47222,Technology,Copiers & Fax
1912,Order Finished,Eric Barreto,2010-01-15,33,155100,0.0,0,Technology,Computer Peripherals
1913,Order Finished,Noel Staavos,2009-06-15,50,659820,0.04,26393,Office Supplies,Paper
1919,Order Finished,Ann Blume,2011-01-16,12,91260,0.02,1825,Office Supplies,Labels
1920,Order Finished,Janet Martin,2010-09-12,21,7370760,0.0,0,Furniture,Office Furnishings
1922,Order Returned,Alyssa Tate,2011-12-31,2,121125,0.02,2423,Technology,Telephones & Communication
1927,Order Returned,Carlos Meador,2010-03-09,42,6373540,0.09,573619,Office Supplies,Appliances
1928,Order Finished,Dave Poirier,2010-10-31,23,1868140,0.07,130770,Technology,Computer Peripherals
1929,Order Finished,Christy Brittain,2009-07-29,35,350160,0.07,24511,Technology,Computer Peripherals
1930,Order Finished,Troy Staebel,2009-07-26,18,580140,0.07,40610,Office Supplies,Storage & Organization
1931,Order Finished,Bradley Drucker,2009-01-11,20,9062680,0.08,725014,Technology,Office Machines
1932,Order Finished,Mark Haberlin,2011-02-02,27,924732,0.1,92473,Technology,Telephones & Communication
1935,Order Finished,Barry Franz,2010-09-10,4,116880,0.05,5844,Office Supplies,Appliances
1938,Order Finished,Eleni Mc Crary,2010-09-29,28,515800,0.0,0,Office Supplies,Envelopes
1944,Order Finished,Emily Burns,2012-04-22,9,89020,0.01,890,Office Supplies,Appliances
1945,Order Finished,Troy Staebel,2010-11-17,23,436580,0.09,39292,Technology,Office Machines
1949,Order Returned,Frank Atkinson,2011-06-14,1,20960,0.0,0,Office Supplies,Paper
1950,Order Returned,Deanra Eno,2009-10-04,6,35180,0.1,3518,Office Supplies,Appliances
1951,Order Finished,Michael Oakman,2011-08-21,1,23620,0.01,236,Furniture,Office Furnishings
1955,Order Finished,Alex Grayson,2010-03-09,28,328440,0.1,32844,Office Supplies,Paper
1956,Order Finished,Erica Hernandez,2012-10-30,18,265560,0.09,23900,Office Supplies,Paper
1957,Order Finished,David Flashing,2010-10-19,12,163740,0.07,11462,Office Supplies,Paper
1961,Order Finished,Sara Luxemburg,2009-05-11,14,114560,0.02,2291,Office Supplies,Binders & Binder Accessories
1963,Order Finished,Eleni Mc Crary,2011-12-21,49,53245100,0.08,4259608,Furniture,Tables
1965,Order Finished,Alyssa Tate,2011-10-26,19,534000,0.09,48060,Office Supplies,Binders & Binder Accessories
1966,Order Finished,Michael Kennedy,2009-08-31,25,531500,0.06,31890,Office Supplies,Binders & Binder Accessories
1968,Order Finished,Bobby Elias,2010-01-17,26,171420,0.08,13714,Office Supplies,Pens & Art Supplies
1969,Order Finished,Christy Brittain,2009-06-06,39,209940,0.07,14696,Office Supplies,Pens & Art Supplies
1970,Order Returned,Joni Wasserman,2011-05-08,29,369480,0.0,0,Technology,Computer Peripherals
1971,Order Finished,Karen Ferguson,2009-05-19,3,1053520,0.07,73746,Office Supplies,Binders & Binder Accessories
1972,Order Finished,Mark Haberlin,2012-07-02,18,3539800,0.05,176990,Office Supplies,Storage & Organization
1974,Order Returned,Giulietta Dortch,2011-07-27,37,222780,0.02,4456,Office Supplies,Pens & Art Supplies
1975,Order Finished,Bradley Talbott,2011-11-26,16,108640,0.09,9778,Office Supplies,Rubber Bands
1976,Order Finished,Bradley Talbott,2012-11-08,29,4371220,0.01,43712,Furniture,Tables
1978,Order Finished,Deborah Brumfield,2010-01-11,48,50624000,0.01,506240,Technology,Office Machines
1979,Order Finished,Maureen Gastineau,2010-02-13,12,152080,0.04,6083,Office Supplies,Paper
1980,Order Finished,Julia Barnett,2012-12-12,24,8816540,0.04,352662,Furniture,Chairs & Chairmats
1982,Order Finished,Liz Willingham,2010-12-28,21,308700,0.0,0,Office Supplies,Paper
1983,Order Finished,Craig Yedwab,2010-10-16,9,1768255,0.06,106095,Technology,Telephones & Communication
1984,Order Finished,Andy Reiter,2010-03-16,16,1385460,0.01,13855,Office Supplies,Paper
1985,Order Finished,Ben Peterman,2009-11-04,6,44380,0.01,444,Office Supplies,Pens & Art Supplies
1990,Order Finished,Liz Willingham,2011-12-22,26,622760,0.06,37366,Office Supplies,Envelopes
1993,Order Finished,Denise Leinenbach,2009-12-19,30,29844320,0.1,2984432,Furniture,Tables
1995,Order Finished,Alan Shonely,2011-08-12,36,480280,0.06,28817,Office Supplies,Paper
1998,Order Finished,Becky Martin,2009-04-14,18,8425504,0.06,505530,Furniture,Tables
1999,Order Finished,Astrea Jones,2011-02-13,23,254340,0.1,25434,Office Supplies,Binders & Binder Accessories
2000,Order Finished,Peter Mc Vee,2009-02-24,17,5091780,0.01,50918,Office Supplies,Storage & Organization
2002,Order Finished,Dave Poirier,2009-04-06,29,130320,0.03,3910,Office Supplies,Rubber Bands
2003,Order Finished,Benjamin Venier,2012-05-13,46,5029025,0.04,201161,Technology,Telephones & Communication
2006,Order Finished,Nora Paige,2012-09-04,20,5012760,0.07,350893,Furniture,Tables
2007,Order Finished,Robert Barroso,2011-04-29,49,3918860,0.09,352697,Office Supplies,Appliances
2009,Order Finished,Michael Kennedy,2012-05-13,22,2236503,0.1,223650,Technology,Telephones & Communication
2013,Order Finished,Bill Tyler,2010-05-14,36,400160,0.05,20008,Office Supplies,Paper
2015,Order Returned,Craig Yedwab,2010-08-17,18,289680,0.0,0,Office Supplies,Rubber Bands
2018,Order Finished,Fred Mc Math,2010-11-30,50,3688520,0.03,110656,Office Supplies,Storage & Organization
2020,Order Finished,Tony Molinari,2009-07-28,46,11794940,0.0,0,Furniture,Chairs & Chairmats
2025,Order Finished,Bobby Trafton,2010-06-10,46,5053080,0.04,202123,Technology,Telephones & Communication
2026,Order Finished,Katrina Willman,2012-02-15,31,412573,0.05,20629,Technology,Telephones & Communication
2027,Order Finished,Michael Paige,2012-06-16,24,10905800,0.07,763406,Office Supplies,Storage & Organization
2029,Order Finished,Carlos Meador,2010-09-26,6,1526896,0.05,76345,Furniture,Tables
2034,Order Finished,Katherine Murray,2011-11-30,17,1048424,0.04,41937,Technology,Telephones & Communication
2038,Order Finished,Noel Staavos,2009-07-08,23,278900,0.02,5578,Office Supplies,Binders & Binder Accessories
2045,Order Finished,Fred Mc Math,2010-05-12,36,2898900,0.04,115956,Office Supplies,Binders & Binder Accessories
2046,Order Finished,Debra Catini,2009-11-10,10,161840,0.09,14566,Office Supplies,Paper
2047,Order Finished,Sylvia Foulston,2009-08-22,50,15634900,0.03,469047,Furniture,Chairs & Chairmats
2048,Order Finished,Chuck Sachs,2010-10-16,4,127860,0.03,3836,Furniture,Office Furnishings
2051,Order Finished,Keith Herrera,2010-06-21,11,76480,0.02,1530,Office Supplies,Labels
2052,Order Finished,Janet Martin,2012-01-27,27,160660,0.01,1607,Office Supplies,Pens & Art Supplies
2053,Order Finished,David Kendrick,2009-09-01,43,7664480,0.09,689803,Furniture,Office Furnishings
2054,Order Finished,Becky Martin,2011-10-25,40,13236914,0.1,1323691,Technology,Telephones & Communication
2056,Order Finished,Emily Burns,2011-03-03,1,45480,0.03,1364,Furniture,Office Furnishings
2057,Order Finished,Bradley Talbott,2011-02-14,34,780700,0.05,39035,Office Supplies,Pens & Art Supplies
2058,Order Finished,Luke Foster,2012-09-25,36,1545340,0.0,0,Office Supplies,Binders & Binder Accessories
2063,Order Finished,Joni Wasserman,2012-12-03,13,191360,0.07,13395,Office Supplies,Paper
2064,Order Finished,Dianna Wilson,2010-01-14,49,10664840,0.06,639890,Furniture,Chairs & Chairmats
2065,Order Finished,Michelle Tran,2011-06-03,34,436540,0.03,13096,Office Supplies,Binders & Binder Accessories
2071,Order Finished,Vivian Mathis,2009-06-29,22,3302180,0.05,165109,Technology,Computer Peripherals
2073,Order Finished,Sanjit Jacobs,2009-01-16,6,1359200,0.02,27184,Furniture,Office Furnishings
2077,Order Finished,Vivian Mathis,2012-03-16,7,1775880,0.02,35518,Technology,Office Machines
2078,Order Finished,Michelle Tran,2009-09-30,29,360760,0.08,28861,Office Supplies,Paper
2080,Order Finished,Michelle Tran,2012-01-12,30,520240,0.05,26012,Furniture,Office Furnishings
2081,Order Returned,Michelle Tran,2010-03-24,14,569240,0.1,56924,Office Supplies,Storage & Organization
2082,Order Finished,Matt Collister,2011-11-22,41,318520,0.01,3185,Office Supplies,Labels
2083,Order Finished,Ralph Arnett,2009-05-28,1,115680,0.07,8098,Office Supplies,Appliances
2084,Order Finished,Dave Hallsten,2011-06-25,47,5852660,0.09,526739,Office Supplies,Binders & Binder Accessories
2086,Order Finished,Ralph Arnett,2011-01-06,5,102600,0.05,5130,Office Supplies,Paper
2088,Order Finished,Michelle Tran,2009-12-23,41,5623400,0.09,506106,Furniture,Tables
2089,Order Finished,Michelle Tran,2012-08-09,31,262400,0.01,2624,Office Supplies,Appliances
2092,Order Returned,Helen Wasserman,2011-04-28,2,406600,0.08,32528,Furniture,Office Furnishings
2095,Order Finished,Vivian Mathis,2010-07-05,2,38720,0.1,3872,Office Supplies,Paper
2103,Order Returned,Matt Collister,2009-01-01,9,1744960,0.08,139597,Office Supplies,Storage & Organization
2104,Order Finished,Bradley Nguyen,2011-05-09,26,7235280,0.07,506470,Furniture,Tables
2106,Order Finished,Helen Wasserman,2012-06-26,19,1353580,0.0,0,Technology,Computer Peripherals
2110,Order Finished,Valerie Mitchum,2011-02-24,38,9004520,0.09,810407,Technology,Office Machines
2111,Order Finished,Bradley Nguyen,2010-07-18,39,475780,0.0,0,Office Supplies,Paper
2114,Order Finished,Bart Pistole,2009-10-04,24,391660,0.04,15666,Technology,Computer Peripherals
2115,Order Finished,Helen Wasserman,2010-12-03,15,189680,0.01,1897,Office Supplies,Paper
2117,Order Finished,Michelle Tran,2009-12-20,38,4630220,0.06,277813,Office Supplies,Storage & Organization
2118,Order Finished,Barry Gonzalez,2010-09-19,22,2165600,0.02,43312,Office Supplies,Appliances
2121,Order Finished,Carol Adams,2009-03-13,19,246200,0.06,14772,Office Supplies,Paper
2127,Order Finished,Michelle Tran,2011-02-06,4,2561460,0.09,230531,Furniture,Tables
2131,Order Finished,Sanjit Jacobs,2011-10-03,17,10245220,0.05,512261,Office Supplies,Binders & Binder Accessories
2137,Order Returned,Sanjit Jacobs,2010-05-18,38,663060,0.0,0,Technology,Computer Peripherals
2138,Order Finished,Chad Mc Guire,2011-10-28,22,989680,0.07,69278,Furniture,Office Furnishings
2139,Order Finished,Gene Mc Clure,2011-11-19,8,2200000,0.07,154000,Technology,Office Machines
2141,Order Finished,Barry Gonzalez,2011-12-19,37,5277580,0.1,527758,Furniture,Tables
2143,Order Finished,Scott Cohen,2012-05-31,39,32056520,0.02,641130,Furniture,Tables
2145,Order Finished,Natalie De Cherney,2010-06-14,21,251800,0.04,10072,Office Supplies,Paper
2146,Order Finished,Barry Gonzalez,2011-06-06,21,381980,0.1,38198,Office Supplies,Pens & Art Supplies
2148,Order Finished,Vivek Sundaresam,2012-02-01,31,5932260,0.08,474581,Furniture,Bookcases
2150,Order Returned,Barry Gonzalez,2009-08-14,18,315700,0.01,3157,Technology,Computer Peripherals
2151,Order Finished,Barry Gonzalez,2012-03-30,14,609300,0.1,60930,Office Supplies,Paper
2152,Order Finished,Michelle Huthwaite,2011-05-21,49,284200,0.01,2842,Office Supplies,Labels
2154,Order Finished,Bradley Nguyen,2011-03-02,50,842720,0.07,58990,Office Supplies,Appliances
2156,Order Finished,Cynthia Delaney,2011-04-21,43,2487760,0.1,248776,Office Supplies,Pens & Art Supplies
2157,Order Finished,Barry Gonzalez,2012-10-29,16,3235820,0.04,129433,Furniture,Bookcases
2160,Order Finished,Vivek Sundaresam,2010-06-16,33,7272740,0.06,436364,Furniture,Chairs & Chairmats
2161,Order Finished,Vivian Mathis,2010-06-19,30,406960,0.04,16278,Office Supplies,Paper
2163,Order Finished,Rick Reed,2009-01-12,45,31926180,0.03,957785,Furniture,Chairs & Chairmats
2168,Order Finished,Cynthia Delaney,2010-04-01,22,10577780,0.0,0,Furniture,Tables
2171,Order Finished,Ross De Vincentis,2012-01-24,47,46479920,0.06,2788795,Furniture,Chairs & Chairmats
2174,Order Returned,Tom Stivers,2011-09-11,47,12263080,0.06,735785,Furniture,Chairs & Chairmats
2175,Order Finished,Vivek Sundaresam,2010-07-25,29,951160,0.04,38046,Technology,Computer Peripherals
2176,Order Finished,Gary Mc Garr,2010-07-13,50,548080,0.1,54808,Office Supplies,Binders & Binder Accessories
2177,Order Finished,Matt Collister,2009-04-19,20,7921980,0.09,712978,Technology,Copiers & Fax
2178,Order Finished,Vivian Mathis,2011-05-23,16,279380,0.01,2794,Office Supplies,Appliances
2181,Order Finished,Michelle Huthwaite,2009-01-13,17,78460,0.06,4708,Furniture,Office Furnishings
2185,Order Finished,Carol Adams,2011-08-15,38,525800,0.06,31548,Office Supplies,Paper
2188,Order Finished,Tom Stivers,2009-05-23,44,3689940,0.03,110698,Office Supplies,Binders & Binder Accessories
2191,Order Finished,Darren Budd,2012-05-16,33,406980,0.0,0,Furniture,Office Furnishings
2193,Order Finished,Tom Stivers,2010-10-24,2,42020,0.03,1261,Office Supplies,Paper
2194,Order Finished,Vivian Mathis,2009-07-06,20,1051560,0.03,31547,Furniture,Office Furnishings
2195,Order Finished,Grant Thornton,2012-02-14,5,33200,0.07,2324,Office Supplies,Binders & Binder Accessories
2196,Order Finished,Carlos Meador,2010-11-14,28,14769080,0.09,1329217,Furniture,Tables
2197,Order Finished,Doug Jacobs,2010-12-09,48,15045600,0.04,601824,Office Supplies,Envelopes
2198,Order Finished,Speros Goranitis,2012-10-07,38,3221520,0.1,322152,Office Supplies,Storage & Organization
2199,Order Finished,Michael Paige,2010-02-08,39,295760,0.0,0,Office Supplies,Binders & Binder Accessories
2202,Order Finished,Ann Blume,2010-03-19,22,691380,0.02,13828,Office Supplies,Paper
2203,Order Finished,Damala Kotsonis,2011-12-14,34,7154220,0.1,715422,Furniture,Bookcases
2204,Order Finished,Paul Knutson,2009-09-21,16,192080,0.05,9604,Office Supplies,"Scissors, Rulers & Trimmers"
2205,Order Finished,George Zrebassa,2009-12-27,19,110540,0.05,5527,Office Supplies,Labels
2206,Order Finished,Noel Staavos,2011-12-20,41,320220,0.1,32022,Office Supplies,Paper
2209,Order Finished,Tom Prescott,2011-12-22,17,145500,0.05,7275,Office Supplies,Binders & Binder Accessories
2211,Order Finished,Dianna Arnett,2009-06-14,21,8402160,0.01,84022,Furniture,Office Furnishings
2212,Order Finished,Chuck Sachs,2009-06-15,15,10056620,0.06,603397,Furniture,Chairs & Chairmats
2216,Order Finished,David Flashing,2010-11-25,20,8216340,0.09,739471,Furniture,Tables
2218,Order Finished,Ben Peterman,2012-02-15,49,10017522,0.04,400701,Technology,Telephones & Communication
2222,Order Finished,Tom Prescott,2009-10-01,8,87440,0.06,5246,Office Supplies,Paper
2224,Order Finished,Sylvia Foulston,2009-12-19,48,403960,0.05,20198,Office Supplies,Appliances
2225,Order Finished,Alex Grayson,2009-04-06,31,18919880,0.04,756795,Furniture,Bookcases
2226,Order Finished,Barry Franz,2012-08-07,2,40320,0.06,2419,Office Supplies,Paper
2230,Order Finished,Cathy Hwang,2009-10-01,46,600140,0.05,30007,Office Supplies,Paper
2231,Order Finished,Deborah Brumfield,2010-03-19,46,4845442,0.1,484544,Technology,Telephones & Communication
2232,Order Finished,Frank Atkinson,2012-10-27,10,91380,0.01,914,Office Supplies,Pens & Art Supplies
2235,Order Finished,Erica Hernandez,2011-06-12,28,3943120,0.05,197156,Furniture,Bookcases
2236,Order Finished,Bobby Elias,2011-08-24,33,6187520,0.07,433126,Office Supplies,Storage & Organization
2237,Order Finished,Jennifer Patt,2012-04-03,47,26764020,0.09,2408762,Technology,Office Machines
2238,Order Finished,Karl Brown,2011-11-06,35,7065920,0.08,565274,Furniture,Tables
2239,Order Finished,Katherine Murray,2009-09-01,1,22700,0.09,2043,Office Supplies,Paper
2240,Order Finished,Paul Knutson,2011-10-05,9,244280,0.04,9771,Office Supplies,Storage & Organization
2241,Order Finished,Maribeth Dona,2010-01-25,11,2765600,0.01,27656,Office Supplies,Storage & Organization
2242,Order Finished,Paul Knutson,2010-05-20,14,1400920,0.02,28018,Office Supplies,Paper
2243,Order Finished,Denise Leinenbach,2012-07-02,3,85000,0.07,5950,Office Supplies,Pens & Art Supplies
2244,Order Finished,Michael Paige,2010-10-10,39,558580,0.07,39101,Furniture,Office Furnishings
2245,Order Finished,Michael Kennedy,2011-09-22,48,3469440,0.04,138778,Office Supplies,Paper
2249,Order Finished,Debra Catini,2012-10-21,17,2251520,0.0,0,Furniture,Office Furnishings
2250,Order Returned,Ellis Ballard,2010-02-01,18,599740,0.02,11995,Office Supplies,Envelopes
2251,Order Finished,Fred Mc Math,2011-07-15,8,169280,0.0,0,Office Supplies,Appliances
2252,Order Finished,Andy Reiter,2009-04-13,1,6840,0.05,342,Office Supplies,Binders & Binder Accessories
2254,Order Finished,Dianna Wilson,2011-09-10,5,190760,0.03,5723,Office Supplies,Binders & Binder Accessories
2256,Order Finished,Michael Stewart,2010-05-13,16,3404998,0.08,272400,Technology,Telephones & Communication
2260,Order Finished,Pierre Wener,2012-05-17,7,80220,0.07,5615,Technology,Computer Peripherals
2263,Order Finished,Eric Barreto,2012-05-27,7,4472320,0.05,223616,Furniture,Chairs & Chairmats
2264,Order Finished,Troy Staebel,2012-08-20,21,2981120,0.01,29811,Office Supplies,Appliances
2266,Order Finished,Benjamin Venier,2010-03-25,22,10405792,0.02,208116,Furniture,Tables
2267,Order Finished,Tracy Poddar,2012-04-12,35,13216480,0.09,1189483,Office Supplies,Appliances
2268,Order Finished,Ellis Ballard,2011-02-25,2,15960,0.04,638,Office Supplies,Rubber Bands
2269,Order Finished,Paul Knutson,2009-10-05,49,16504722,0.07,1155331,Technology,Telephones & Communication
2270,Order Finished,Elizabeth Moffitt,2009-05-20,4,885980,0.04,35439,Furniture,Bookcases
2273,Order Finished,Alan Shonely,2011-04-11,20,2155617,0.06,129337,Technology,Telephones & Communication
2276,Order Finished,Janet Martin,2011-05-04,10,340700,0.03,10221,Office Supplies,Storage & Organization
2277,Order Finished,Brendan Murry,2012-10-30,15,5135280,0.0,0,Furniture,Tables
2279,Order Returned,Christy Brittain,2010-07-23,12,2933900,0.02,58678,Furniture,Chairs & Chairmats
2283,Order Finished,Karl Brown,2011-01-29,31,1585520,0.02,31710,Office Supplies,Binders & Binder Accessories
2284,Order Finished,Carlos Meador,2011-08-26,44,2907408,0.0,0,Technology,Telephones & Communication
2286,Order Finished,Peter Mc Vee,2012-09-15,18,253380,0.04,10135,Office Supplies,Binders & Binder Accessories
2287,Order Finished,Corey Lock,2012-03-03,34,290960,0.03,8729,Office Supplies,Pens & Art Supplies
2288,Order Finished,Debra Catini,2009-01-24,5,636620,0.08,50930,Office Supplies,Appliances
2290,Order Finished,Pierre Wener,2012-08-04,45,927860,0.06,55672,Office Supplies,Pens & Art Supplies
2291,Order Finished,Fred Mc Math,2012-09-06,16,151540,0.0,0,Office Supplies,Appliances
2293,Order Finished,Darrin Sayre,2012-01-10,35,25483620,0.09,2293526,Office Supplies,Storage & Organization
2294,Order Returned,Brad Thomas,2009-11-23,36,1144800,0.07,80136,Office Supplies,Storage & Organization
2295,Order Finished,Elizabeth Moffitt,2011-04-28,11,110980,0.04,4439,Furniture,Office Furnishings
2297,Order Finished,Evan Henry,2011-03-21,7,815745,0.02,16315,Technology,Telephones & Communication
2300,Order Finished,Deanra Eno,2012-02-19,20,74800,0.09,6732,Office Supplies,Pens & Art Supplies
2301,Order Finished,Pierre Wener,2009-11-04,25,176740,0.09,15907,Office Supplies,Labels
2303,Order Finished,Sylvia Foulston,2009-11-02,37,19035200,0.09,1713168,Furniture,Chairs & Chairmats
2307,Order Finished,Erica Hernandez,2010-05-08,1,846600,0.01,8466,Office Supplies,Storage & Organization
2308,Order Finished,Darrin Sayre,2012-03-09,23,89780,0.09,8080,Office Supplies,Pens & Art Supplies
2310,Order Finished,Sara Luxemburg,2010-07-31,3,1108640,0.01,11086,Office Supplies,Binders & Binder Accessories
2321,Order Finished,Ellis Ballard,2009-04-10,28,131400,0.02,2628,Furniture,Office Furnishings
2322,Order Finished,Julie Kriz,2009-08-15,34,447520,0.03,13426,Office Supplies,Paper
2323,Order Finished,Rick Duston,2009-05-28,18,212900,0.03,6387,Office Supplies,Pens & Art Supplies
2325,Order Finished,Julia Barnett,2010-12-13,26,18451300,0.03,553539,Furniture,Tables
2326,Order Finished,Helen Wasserman,2010-12-17,48,180100,0.03,5403,Office Supplies,Rubber Bands
2327,Order Returned,Anne Pryor,2011-10-20,25,251700,0.09,22653,Technology,Computer Peripherals
2332,Order Finished,Caroline Jumper,2010-03-01,7,1121020,0.04,44841,Office Supplies,Appliances
2333,Order Finished,Pamela Stobb,2010-04-16,35,1178480,0.08,94278,Office Supplies,Appliances
2334,Order Finished,Aaron Smayling,2009-04-08,27,258200,0.0,0,Office Supplies,Envelopes
2336,Order Finished,Caroline Jumper,2011-07-15,30,8294940,0.09,746545,Technology,Office Machines
2337,Order Finished,Pamela Stobb,2012-10-29,13,8004280,0.02,160086,Office Supplies,Binders & Binder Accessories
2338,Order Finished,Jasper Cacioppo,2009-01-07,3,21160,0.05,1058,Office Supplies,Binders & Binder Accessories
2345,Order Finished,John Stevenson,2009-10-04,19,2368900,0.02,47378,Office Supplies,Appliances
2348,Order Finished,Ben Wallace,2011-04-13,41,234800,0.01,2348,Office Supplies,Labels
2356,Order Finished,Logan Haushalter,2010-12-28,17,1918178,0.06,115091,Technology,Telephones & Communication
2357,Order Finished,Sheri Gordon,2009-10-28,18,10918640,0.03,327559,Office Supplies,Appliances
2358,Order Finished,John Stevenson,2010-09-19,10,298500,0.08,23880,Office Supplies,Binders & Binder Accessories
2359,Order Finished,Phillip Flathmann,2012-08-23,37,2399400,0.01,23994,Office Supplies,Envelopes
2362,Order Finished,Daniel Lacy,2012-01-30,36,3288440,0.05,164422,Furniture,Office Furnishings
2363,Order Finished,Dorris Love,2011-01-19,8,80520,0.01,805,Office Supplies,Paper
2364,Order Finished,Ben Wallace,2009-07-02,45,9259340,0.04,370374,Furniture,Office Furnishings
2369,Order Finished,Pamela Stobb,2009-03-22,44,14625720,0.03,438772,Furniture,Chairs & Chairmats
2371,Order Finished,Alan Haines,2010-10-06,31,2952240,0.03,88567,Furniture,Tables
2378,Order Returned,Katherine Nockton,2011-10-01,26,13533712,0.02,270674,Furniture,Tables
2379,Order Finished,Stewart Visinsky,2010-07-27,6,1304660,0.09,117419,Furniture,Chairs & Chairmats
2383,Order Finished,Laurel Elliston,2009-12-03,7,69320,0.06,4159,Office Supplies,Envelopes
2386,Order Finished,Dennis Kane,2011-09-15,36,158040,0.08,12643,Office Supplies,Binders & Binder Accessories
2387,Order Finished,Jasper Cacioppo,2011-08-11,33,2107480,0.07,147524,Furniture,Office Furnishings
2390,Order Finished,Phillip Flathmann,2010-12-20,4,31400,0.01,314,Office Supplies,Labels
2392,Order Finished,Theresa Swint,2011-09-19,17,702500,0.01,7025,Office Supplies,Paper
2393,Order Finished,Max Engle,2010-03-07,37,563180,0.07,39423,Furniture,Office Furnishings
2394,Order Finished,Alan Haines,2009-10-20,44,323600,0.06,19416,Office Supplies,Binders & Binder Accessories
2396,Order Finished,Tom Stivers,2010-12-26,17,426120,0.03,12784,Office Supplies,Pens & Art Supplies
2397,Order Finished,Mathew Reese,2012-06-08,31,620920,0.0,0,Office Supplies,Storage & Organization
2400,Order Finished,Logan Haushalter,2012-09-19,24,152120,0.02,3042,Office Supplies,Labels
2402,Order Finished,Dennis Kane,2009-11-29,31,361400,0.1,36140,Technology,Computer Peripherals
2403,Order Returned,Bill Eplett,2010-01-20,5,2507780,0.09,225700,Technology,Office Machines
2406,Order Finished,Jennifer Ferguson,2012-12-03,3,1824700,0.07,127729,Furniture,Chairs & Chairmats
2409,Order Finished,Sarah Brown,2010-11-09,20,69880,0.05,3494,Technology,Computer Peripherals
2413,Order Finished,Anne Pryor,2010-07-16,21,15962400,0.02,319248,Furniture,Tables
2414,Order Finished,Max Engle,2011-05-20,6,410480,0.01,4105,Technology,Computer Peripherals
2417,Order Finished,Jasper Cacioppo,2012-07-16,16,19391680,0.0,0,Technology,Copiers & Fax
2419,Order Finished,Stuart Van,2012-03-17,5,88340,0.02,1767,Furniture,Office Furnishings
2423,Order Finished,Karen Ferguson,2010-07-28,8,2190540,0.03,65716,Furniture,Tables
2424,Order Finished,Karen Ferguson,2012-06-19,34,19044240,0.04,761770,Office Supplies,Storage & Organization
2425,Order Finished,Logan Haushalter,2009-12-30,37,2841780,0.06,170507,Office Supplies,Appliances
2429,Order Finished,Anne Pryor,2010-12-30,5,107320,0.09,9659,Office Supplies,Envelopes
2433,Order Finished,Carol Triggs,2009-03-14,38,11359180,0.09,1022326,Furniture,Tables
2434,Order Finished,Lindsay Castell,2009-04-21,26,2058580,0.06,123515,Office Supplies,Paper
2436,Order Finished,Logan Haushalter,2012-12-29,36,25380660,0.08,2030453,Office Supplies,Binders & Binder Accessories
2438,Order Finished,Caroline Jumper,2010-01-29,28,10310140,0.06,618608,Office Supplies,Storage & Organization
2440,Order Finished,Tom Stivers,2012-05-07,10,1414600,0.06,84876,Furniture,Bookcases
2442,Order Finished,Jennifer Ferguson,2011-08-13,7,522340,0.03,15670,Furniture,Chairs & Chairmats
2444,Order Finished,Laurel Elliston,2011-12-02,25,900560,0.09,81050,Technology,Office Machines
2446,Order Finished,Michael Chen,2011-12-16,31,2719480,0.01,27195,Office Supplies,Pens & Art Supplies
2447,Order Finished,Bill Eplett,2009-02-15,13,272480,0.07,19074,Office Supplies,Storage & Organization
2448,Order Finished,Daniel Lacy,2012-07-26,31,909160,0.07,63641,Office Supplies,Storage & Organization
2453,Order Finished,Theresa Swint,2012-07-16,17,7602540,0.02,152051,Furniture,Tables
2454,Order Finished,Tony Sayre,2011-02-10,31,452300,0.01,4523,Office Supplies,Pens & Art Supplies
2455,Order Returned,Daniel Lacy,2010-03-30,35,3588060,0.05,179403,Furniture,Chairs & Chairmats
2456,Order Finished,Aaron Smayling,2012-01-19,13,219160,0.0,0,Furniture,Office Furnishings
2458,Order Finished,Theresa Swint,2012-08-21,33,273580,0.06,16415,Office Supplies,Labels
2463,Order Finished,Caroline Jumper,2011-02-07,37,374740,0.01,3747,Office Supplies,Binders & Binder Accessories
2465,Order Returned,Theresa Swint,2010-08-09,3,48720,0.08,3898,Furniture,Office Furnishings
2466,Order Finished,Jasper Cacioppo,2009-04-15,28,887460,0.01,8875,Office Supplies,Binders & Binder Accessories
2467,Order Finished,Dennis Kane,2010-06-07,6,376880,0.09,33919,Office Supplies,Paper
2469,Order Finished,Clay Ludtke,2012-10-16,10,38720,0.0,0,Office Supplies,Pens & Art Supplies
2470,Order Finished,Dionis Lloyd,2010-02-17,31,1076600,0.03,32298,Office Supplies,Envelopes
2472,Order Finished,Dorris Love,2009-05-13,28,1730700,0.06,103842,Technology,Computer Peripherals
2473,Order Finished,Pamela Stobb,2009-10-08,16,136080,0.07,9526,Office Supplies,Binders & Binder Accessories
2476,Order Finished,Carol Triggs,2012-03-04,24,264040,0.04,10562,Office Supplies,Paper
2477,Order Returned,Ben Wallace,2011-09-09,39,41193160,0.09,3707384,Furniture,Tables
2478,Order Finished,Aaron Smayling,2009-01-21,33,279960,0.07,19597,Office Supplies,Labels
2479,Order Finished,Mathew Reese,2009-12-26,15,2786780,0.08,222942,Technology,Computer Peripherals
2481,Order Finished,Tom Stivers,2009-03-30,2,58060,0.01,581,Office Supplies,Paper
2482,Order Finished,Ted Butterfield,2010-01-24,42,4504524,0.1,450452,Technology,Telephones & Communication
2485,Order Finished,Mathew Reese,2010-11-14,9,193040,0.1,19304,Furniture,Office Furnishings
2487,Order Finished,Jason Klamczynski,2009-01-16,36,152960,0.09,13766,Office Supplies,Rubber Bands
2488,Order Finished,Mitch Webber,2009-05-25,24,226460,0.06,13588,Technology,Computer Peripherals
2489,Order Finished,Anne Pryor,2009-07-06,6,127220,0.01,1272,Office Supplies,Paper
2491,Order Finished,Sheri Gordon,2012-09-25,35,449160,0.03,13475,Office Supplies,Labels
2492,Order Finished,Ben Wallace,2011-04-05,23,517480,0.05,25874,Office Supplies,Envelopes
2493,Order Finished,Justin Mac Kendrick,2011-12-11,43,25717760,0.08,2057421,Technology,Computer Peripherals
2494,Order Finished,Carol Triggs,2011-11-13,28,98980,0.01,990,Office Supplies,Pens & Art Supplies
2496,Order Finished,Helen Wasserman,2010-01-23,48,561740,0.01,5617,Office Supplies,Binders & Binder Accessories
2499,Order Finished,Pamela Stobb,2010-06-19,28,329000,0.01,3290,Office Supplies,Pens & Art Supplies
2500,Order Finished,Nora Price,2012-11-10,12,3539480,0.07,247764,Technology,Computer Peripherals
2501,Order Finished,Theresa Swint,2010-08-22,38,2284970,0.09,205647,Technology,Telephones & Communication
2504,Order Finished,Sarah Brown,2012-09-01,35,687840,0.06,41270,Office Supplies,Labels
2505,Order Finished,Brenda Bowman,2010-03-03,2,15500,0.03,465,Office Supplies,Pens & Art Supplies
2507,Order Finished,Lindsay Castell,2009-08-21,20,7756980,0.09,698128,Furniture,Office Furnishings
2509,Order Finished,Anne Pryor,2012-07-18,42,2785540,0.0,0,Furniture,Tables
2513,Order Finished,Jeremy Farry,2009-09-15,25,163520,0.06,9811,Office Supplies,Rubber Bands
2517,Order Finished,Anne Pryor,2011-02-12,35,10815800,0.01,108158,Furniture,Tables
2523,Order Returned,Carol Triggs,2010-01-11,27,721400,0.0,0,Office Supplies,Binders & Binder Accessories
2524,Order Finished,Dionis Lloyd,2012-08-09,31,14647560,0.04,585902,Furniture,Chairs & Chairmats
2525,Order Finished,Stuart Van,2012-12-13,21,3075000,0.04,123000,Office Supplies,Storage & Organization
2527,Order Returned,Fred Chung,2011-06-15,35,198260,0.09,17843,Office Supplies,Pens & Art Supplies
2529,Order Finished,Bill Eplett,2011-02-10,26,342280,0.02,6846,Office Supplies,Appliances
2530,Order Returned,Helen Wasserman,2010-12-20,43,15462180,0.0,0,Office Supplies,Storage & Organization
2531,Order Finished,Liz Willingham,2012-10-18,19,172960,0.1,17296,Office Supplies,Labels
2533,Order Finished,Muhammed Yedwab,2010-11-23,1,259760,0.1,25976,Furniture,Chairs & Chairmats
2535,Order Finished,Michael Chen,2011-08-20,20,539320,0.02,10786,Office Supplies,"Scissors, Rulers & Trimmers"
2541,Order Finished,Dorris Love,2011-01-04,41,23766400,0.1,2376640,Technology,Computer Peripherals
2544,Order Finished,Stewart Visinsky,2012-07-14,2,26580,0.08,2126,Office Supplies,Binders & Binder Accessories
2549,Order Finished,Jennifer Ferguson,2012-01-31,35,1297160,0.05,64858,Office Supplies,Paper
2550,Order Returned,Kimberly Carter,2011-11-01,31,466400,0.04,18656,Office Supplies,Paper
2551,Order Returned,Liz Willingham,2012-10-18,19,4004800,0.0,0,Furniture,Bookcases
2553,Order Finished,Stewart Visinsky,2011-10-04,2,63400,0.05,3170,Technology,Computer Peripherals
2554,Order Finished,Kimberly Carter,2011-11-02,20,105400,0.03,3162,Office Supplies,Binders & Binder Accessories
2555,Order Finished,Stewart Visinsky,2011-09-19,10,2248488,0.03,67455,Technology,Telephones & Communication
2557,Order Returned,Carol Triggs,2012-09-30,40,147240,0.05,7362,Office Supplies,Pens & Art Supplies
2558,Order Finished,Mathew Reese,2010-06-30,37,2575880,0.06,154553,Office Supplies,Envelopes
2559,Order Finished,Shirley Daniels,2012-09-17,22,22045060,0.06,1322704,Technology,Office Machines
2562,Order Finished,Clay Ludtke,2012-05-12,34,2264640,0.1,226464,Office Supplies,Pens & Art Supplies
2564,Order Finished,Fred Chung,2012-06-26,8,142200,0.03,4266,Office Supplies,Binders & Binder Accessories
2568,Order Finished,Mathew Reese,2009-05-22,45,2412300,0.03,72369,Office Supplies,Pens & Art Supplies
2570,Order Finished,Dionis Lloyd,2009-03-24,23,5055584,0.09,455003,Furniture,Tables
2571,Order Finished,Arthur Gainer,2010-04-24,35,12261800,0.03,367854,Furniture,Bookcases
2572,Order Finished,John Stevenson,2012-03-02,27,28600520,0.01,286005,Technology,Copiers & Fax
2573,Order Finished,Aaron Smayling,2009-02-12,13,395220,0.08,31618,Office Supplies,Binders & Binder Accessories
2574,Order Returned,John Stevenson,2009-12-28,7,471960,0.02,9439,Office Supplies,Paper
2575,Order Finished,Tracy Poddar,2011-01-24,4,29920,0.02,598,Office Supplies,Labels
2577,Order Finished,Arthur Prichep,2011-04-30,33,10875840,0.0,0,Furniture,Chairs & Chairmats
2583,Order Finished,Harold Ryan,2010-10-13,29,8691720,0.09,782255,Technology,Computer Peripherals
2584,Order Returned,John Lucas,2009-05-07,26,1511215,0.05,75561,Technology,Telephones & Communication
2588,Order Finished,Sally Hughsby,2010-08-19,36,1017460,0.08,81397,Office Supplies,Appliances
2589,Order Finished,Harold Ryan,2012-09-04,32,1462440,0.0,0,Technology,Computer Peripherals
2591,Order Finished,Jane Waco,2012-02-06,30,1472600,0.03,44178,Office Supplies,Binders & Binder Accessories
2592,Order Finished,Sandra Flanagan,2012-09-15,42,1855940,0.08,148475,Office Supplies,Appliances
2593,Order Finished,Steve Nguyen,2011-10-02,27,306460,0.08,24517,Office Supplies,Storage & Organization
2596,Order Finished,Sandra Flanagan,2009-01-08,16,128580,0.07,9001,Office Supplies,Labels
2598,Order Finished,Sandra Flanagan,2011-10-24,43,12154220,0.06,729253,Furniture,Tables
2600,Order Finished,Xylona Price,2010-05-24,30,213280,0.1,21328,Office Supplies,"Scissors, Rulers & Trimmers"
2602,Order Finished,Bill Overfelt,2011-08-11,13,4777272,0.01,47773,Technology,Telephones & Communication
2603,Order Finished,Sally Hughsby,2010-10-08,8,283540,0.02,5671,Technology,Computer Peripherals
2604,Order Returned,Kean Nguyen,2009-11-17,26,8573100,0.07,600117,Office Supplies,Binders & Binder Accessories
2606,Order Finished,John Grady,2012-02-07,41,179540,0.03,5386,Office Supplies,Pens & Art Supplies
2608,Order Finished,Robert Marley,2011-01-29,11,152720,0.07,10690,Office Supplies,Paper
2609,Order Finished,John Lucas,2010-03-07,46,7451060,0.0,0,Office Supplies,Appliances
2610,Order Returned,Herbert Flentye,2010-02-27,8,207500,0.01,2075,Office Supplies,Binders & Binder Accessories
2611,Order Finished,Mick Hernandez,2009-10-11,25,317660,0.0,0,Furniture,Office Furnishings
2614,Order Finished,Janet Molinari,2012-03-30,37,443320,0.08,35466,Technology,Computer Peripherals
2617,Order Finished,Tracy Poddar,2012-07-31,1,296688,0.06,17801,Furniture,Tables
2620,Order Finished,Steve Nguyen,2009-07-07,8,2374020,0.0,0,Furniture,Bookcases
2625,Order Finished,Karen Daniels,2010-01-29,29,300560,0.04,12022,Office Supplies,Paper
2626,Order Finished,Pamela Coakley,2010-01-08,24,872967,0.01,8730,Technology,Telephones & Communication
2627,Order Returned,Steve Nguyen,2011-09-30,49,1365540,0.05,68277,Technology,Computer Peripherals
2628,Order Finished,Katherine Nockton,2009-10-17,32,4842880,0.09,435859,Office Supplies,Storage & Organization
2629,Order Finished,Denny Blanton,2011-08-16,4,29500,0.03,885,Office Supplies,Rubber Bands
2631,Order Finished,Robert Marley,2010-04-28,24,782460,0.07,54772,Office Supplies,Storage & Organization
2636,Order Finished,Sally Hughsby,2012-06-15,1,759600,0.02,15192,Furniture,Chairs & Chairmats
2639,Order Finished,Matt Connell,2010-09-25,37,5823280,0.02,116466,Technology,Computer Peripherals
2640,Order Finished,Sean O'Donnell,2009-08-25,14,73040,0.07,5113,Office Supplies,Labels
2641,Order Finished,Vivek Grady,2012-07-10,10,2154560,0.0,0,Furniture,Bookcases
2645,Order Finished,Laura Armstrong,2010-04-15,12,1632460,0.05,81623,Office Supplies,Storage & Organization
2649,Order Returned,Katherine Nockton,2011-12-22,3,184620,0.0,0,Office Supplies,Pens & Art Supplies
2650,Order Finished,Sandra Flanagan,2009-08-31,35,2542240,0.05,127112,Technology,Computer Peripherals
2653,Order Returned,Arthur Prichep,2010-04-12,9,990200,0.04,39608,Office Supplies,Paper
2654,Order Finished,Vivek Grady,2011-07-28,4,1119500,0.07,78365,Furniture,Chairs & Chairmats
2655,Order Finished,Lindsay Shagiari,2012-10-28,8,3223460,0.1,322346,Office Supplies,Appliances
2656,Order Finished,Arthur Prichep,2012-10-15,5,949586,0.09,85463,Technology,Telephones & Communication
2659,Order Finished,Sally Hughsby,2009-06-05,14,9996060,0.09,899645,Office Supplies,Appliances
2661,Order Finished,John Lucas,2010-06-29,17,181860,0.02,3637,Office Supplies,Paper
2663,Order Finished,Kean Nguyen,2010-04-29,45,203140,0.01,2031,Office Supplies,Binders & Binder Accessories
2664,Order Finished,Katherine Nockton,2012-06-06,2,215340,0.1,21534,Technology,Computer Peripherals
2668,Order Returned,Matt Connell,2012-10-15,29,390420,0.07,27329,Office Supplies,Pens & Art Supplies
2671,Order Finished,Harold Ryan,2009-03-21,41,36163520,0.03,1084906,Office Supplies,Binders & Binder Accessories
2673,Order Returned,Jim Kriz,2010-03-06,2,31620,0.06,1897,Office Supplies,Paper
2674,Order Finished,Liz Willingham,2012-08-05,41,1604320,0.1,160432,Furniture,Office Furnishings
2675,Order Finished,Stephanie Ulpright,2012-09-30,50,6666200,0.1,666620,Technology,Computer Peripherals
2677,Order Finished,Lindsay Shagiari,2010-09-24,12,189660,0.02,3793,Office Supplies,Envelopes
2678,Order Finished,John Lucas,2011-09-05,1,26080,0.06,1565,Office Supplies,Pens & Art Supplies
2679,Order Finished,Odella Nelson,2011-03-04,31,395180,0.09,35566,Office Supplies,Binders & Binder Accessories
2680,Order Finished,Arthur Prichep,2010-09-02,43,1712900,0.03,51387,Office Supplies,Pens & Art Supplies
2681,Order Finished,Denny Blanton,2009-03-13,2,402356,0.07,28165,Technology,Telephones & Communication
2682,Order Finished,Steve Nguyen,2010-08-01,28,181000,0.03,5430,Office Supplies,Labels
2683,Order Finished,Sean O'Donnell,2012-08-06,25,314800,0.07,22036,Office Supplies,Paper
2684,Order Finished,Sally Hughsby,2011-12-03,11,1234438,0.03,37033,Technology,Telephones & Communication
2687,Order Finished,Sally Hughsby,2010-06-03,18,5315120,0.1,531512,Furniture,Tables
2688,Order Finished,Odella Nelson,2009-12-04,44,487000,0.09,43830,Office Supplies,Pens & Art Supplies
2690,Order Finished,Alejandro Grove,2012-09-01,33,622380,0.03,18671,Furniture,Office Furnishings
2692,Order Finished,Denny Blanton,2011-03-24,13,153620,0.0,0,Office Supplies,Paper
2693,Order Finished,Harold Ryan,2009-11-25,35,1450300,0.05,72515,Office Supplies,Appliances
2694,Order Finished,Kean Nguyen,2012-07-25,28,2332580,0.07,163281,Office Supplies,Appliances
2696,Order Finished,Sean O'Donnell,2010-11-29,4,1402320,0.08,112186,Office Supplies,Binders & Binder Accessories
2697,Order Returned,Arthur Prichep,2010-07-25,39,3637520,0.02,72750,Furniture,Office Furnishings
2698,Order Finished,Arthur Prichep,2009-01-21,37,2502360,0.05,125118,Furniture,Tables
2700,Order Finished,Laura Armstrong,2011-07-31,14,1187240,0.02,23745,Office Supplies,Paper
2701,Order Finished,Jim Kriz,2010-07-20,37,2392400,0.03,71772,Technology,Computer Peripherals
2705,Order Finished,Xylona Price,2012-05-22,20,2723820,0.05,136191,Office Supplies,Appliances
2706,Order Returned,Vivek Grady,2011-12-02,42,534120,0.03,16024,Furniture,Office Furnishings
2707,Order Returned,John Lucas,2012-06-19,43,1025560,0.08,82045,Furniture,Office Furnishings
2709,Order Finished,Scott Cohen,2010-04-01,18,16668060,0.05,833403,Technology,Office Machines
2711,Order Finished,John Lucas,2010-08-24,22,1123840,0.1,112384,Technology,Computer Peripherals
2713,Order Returned,Cathy Prescott,2010-06-13,32,3455580,0.1,345558,Furniture,Bookcases
2715,Order Finished,Lindsay Shagiari,2012-09-13,23,789600,0.1,78960,Technology,Computer Peripherals
2716,Order Finished,Sean O'Donnell,2009-11-30,44,552000,0.08,44160,Office Supplies,Paper
2717,Order Finished,Robert Marley,2012-01-27,33,415840,0.08,33267,Office Supplies,Binders & Binder Accessories
2718,Order Finished,Katherine Nockton,2010-03-01,18,1755280,0.03,52658,Office Supplies,Appliances
2719,Order Returned,Sam Zeldin,2009-06-25,17,2064144,0.06,123849,Furniture,Tables
2723,Order Returned,Jas O'Carroll,2010-08-03,22,247900,0.01,2479,Office Supplies,Binders & Binder Accessories
2724,Order Finished,Alejandro Grove,2010-10-29,39,18163960,0.02,363279,Office Supplies,Appliances
2725,Order Finished,Mick Hernandez,2010-04-20,28,962540,0.01,9625,Office Supplies,Storage & Organization
2728,Order Finished,Sean O'Donnell,2011-04-03,50,338260,0.0,0,Office Supplies,Paper
2730,Order Finished,Jane Waco,2011-08-17,22,272360,0.08,21789,Office Supplies,Paper
2732,Order Finished,Pamela Coakley,2012-07-17,44,256440,0.07,17951,Office Supplies,Pens & Art Supplies
2734,Order Finished,Chris Selesnick,2009-11-29,20,614920,0.02,12298,Furniture,Office Furnishings
2735,Order Finished,Matt Connell,2009-06-23,10,73820,0.07,5167,Office Supplies,Pens & Art Supplies
2737,Order Finished,Stephanie Ulpright,2009-05-02,25,344840,0.09,31036,Office Supplies,Binders & Binder Accessories
2738,Order Returned,Alejandro Grove,2009-02-02,44,727840,0.0,0,Furniture,Office Furnishings
2739,Order Finished,Chris Selesnick,2011-02-24,50,15557516,0.0,0,Technology,Telephones & Communication
2740,Order Finished,Sandra Flanagan,2012-02-04,47,2002340,0.0,0,Office Supplies,Paper
2741,Order Finished,Sally Hughsby,2009-06-30,14,1781800,0.05,89090,Furniture,Office Furnishings
2745,Order Finished,Odella Nelson,2009-04-21,12,764580,0.05,38229,Office Supplies,Paper
2746,Order Finished,Ben Ferrer,2009-12-06,2,37620,0.08,3010,Office Supplies,Paper
2748,Order Finished,Harold Ryan,2012-10-29,30,10909020,0.03,327271,Furniture,Chairs & Chairmats
2750,Order Returned,Liz Willingham,2010-09-24,39,37122620,0.05,1856131,Furniture,Chairs & Chairmats
2755,Order Finished,Harold Ryan,2009-06-30,44,2862000,0.02,57240,Technology,Computer Peripherals
2756,Order Finished,Sam Zeldin,2009-06-12,16,159960,0.09,14396,Furniture,Office Furnishings
2757,Order Returned,Jas O'Carroll,2010-10-01,45,276900,0.03,8307,Office Supplies,Pens & Art Supplies
2758,Order Finished,Robert Marley,2009-06-01,4,48640,0.05,2432,Office Supplies,Rubber Bands
2760,Order Finished,Harold Ryan,2009-09-10,24,6237200,0.06,374232,Furniture,Chairs & Chairmats
2761,Order Finished,Mick Hernandez,2012-06-10,46,306560,0.09,27590,Office Supplies,Pens & Art Supplies
2766,Order Finished,Herbert Flentye,2010-07-07,7,3645660,0.08,291653,Furniture,Tables
2768,Order Finished,John Lucas,2012-03-04,50,3750829,0.05,187541,Technology,Telephones & Communication
2772,Order Finished,Bill Overfelt,2011-07-23,22,1299420,0.07,90959,Technology,Computer Peripherals
2776,Order Finished,Laura Armstrong,2012-08-22,50,750220,0.01,7502,Office Supplies,Paper
2782,Order Returned,Jim Kriz,2010-11-09,26,3229680,0.02,64594,Office Supplies,Appliances
2783,Order Finished,Sally Hughsby,2009-07-21,33,2844620,0.02,56892,Technology,Computer Peripherals
2786,Order Finished,Nat Carroll,2012-12-10,17,466020,0.04,18641,Office Supplies,Binders & Binder Accessories
2788,Order Finished,Stephanie Ulpright,2009-09-02,46,201200,0.03,6036,Office Supplies,Pens & Art Supplies
2789,Order Finished,Bill Overfelt,2011-03-19,35,266140,0.02,5323,Office Supplies,Rubber Bands
2790,Order Finished,Alejandro Grove,2012-04-14,25,137080,0.1,13708,Office Supplies,Labels
2796,Order Finished,Sarah Foster,2011-11-08,16,273960,0.04,10958,Office Supplies,Envelopes
2797,Order Finished,Tony Chapman,2011-05-11,50,3786580,0.07,265061,Office Supplies,Binders & Binder Accessories
2798,Order Finished,Alejandro Grove,2010-04-10,46,22005320,0.07,1540372,Furniture,Chairs & Chairmats
2799,Order Finished,Steve Nguyen,2009-06-11,14,962800,0.04,38512,Office Supplies,Paper
2802,Order Finished,Sandra Flanagan,2012-01-30,40,529200,0.1,52920,Office Supplies,Paper
2803,Order Finished,Arthur Prichep,2012-08-15,21,1329978,0.04,53199,Technology,Telephones & Communication
2804,Order Finished,Ryan Akin,2009-03-02,47,842160,0.0,0,Technology,Computer Peripherals
2805,Order Finished,Nat Carroll,2010-12-24,16,5669920,0.07,396894,Office Supplies,Storage & Organization
2806,Order Finished,Stephanie Ulpright,2010-12-05,26,349160,0.08,27933,Office Supplies,"Scissors, Rulers & Trimmers"
2807,Order Returned,Katherine Nockton,2010-12-03,1,75780,0.0,0,Technology,Computer Peripherals
2808,Order Returned,Jane Waco,2010-10-06,33,5065235,0.0,0,Technology,Telephones & Communication
2809,Order Finished,Sally Hughsby,2009-02-20,37,319780,0.03,9593,Office Supplies,Appliances
2810,Order Finished,John Castell,2009-07-17,32,355040,0.05,17752,Office Supplies,Envelopes
2814,Order Finished,Karen Daniels,2011-08-14,9,146100,0.1,14610,Office Supplies,Paper
2815,Order Finished,Scott Cohen,2009-04-21,1,94080,0.06,5645,Office Supplies,Appliances
2818,Order Finished,Vivek Grady,2011-10-31,6,29700,0.05,1485,Office Supplies,Rubber Bands
2822,Order Finished,John Lucas,2009-08-22,23,2512580,0.04,100503,Office Supplies,Paper
2825,Order Finished,Arthur Prichep,2012-05-07,11,546880,0.01,5469,Office Supplies,Binders & Binder Accessories
2826,Order Returned,Sally Hughsby,2011-11-18,19,1229820,0.02,24596,Office Supplies,Paper
2829,Order Finished,Greg Hansen,2010-09-17,30,794340,0.1,79434,Furniture,Office Furnishings
2830,Order Finished,Alejandro Grove,2009-04-19,36,36185320,0.09,3256679,Office Supplies,Binders & Binder Accessories
2831,Order Finished,Lindsay Shagiari,2010-05-20,32,569840,0.03,17095,Office Supplies,Paper
2833,Order Finished,Ken Brennan,2012-07-12,13,140480,0.03,4214,Office Supplies,Paper
2834,Order Finished,Max Jones,2010-09-04,6,1167280,0.08,93382,Office Supplies,Storage & Organization
2836,Order Finished,Ken Brennan,2010-12-01,33,25172380,0.0,0,Office Supplies,Storage & Organization
2840,Order Finished,Max Jones,2012-10-04,31,743360,0.03,22301,Office Supplies,Storage & Organization
2843,Order Finished,Lena Creighton,2011-11-10,30,622160,0.08,49773,Office Supplies,Appliances
2845,Order Finished,Dennis Bolton,2009-05-15,45,3604000,0.02,72080,Office Supplies,Binders & Binder Accessories
2846,Order Finished,Maureen Fritzler,2012-02-04,29,517220,0.07,36205,Office Supplies,Binders & Binder Accessories
2847,Order Finished,Art Foster,2010-05-26,33,2758680,0.04,110347,Technology,Computer Peripherals
2848,Order Finished,Erica Hackney,2010-04-20,41,3742260,0.01,37423,Furniture,Office Furnishings
2850,Order Returned,Jessica Myrick,2011-06-28,15,1255380,0.0,0,Technology,Computer Peripherals
2854,Order Finished,Dennis Bolton,2011-10-20,16,223800,0.01,2238,Office Supplies,Pens & Art Supplies
2855,Order Finished,Jenna Caffey,2012-07-27,8,2347000,0.0,0,Furniture,Chairs & Chairmats
2856,Order Finished,Max Jones,2011-04-13,43,421320,0.08,33706,Office Supplies,Binders & Binder Accessories
2859,Order Finished,Ken Brennan,2011-07-13,31,247860,0.1,24786,Office Supplies,Pens & Art Supplies
2860,Order Finished,Jenna Caffey,2011-05-31,32,762480,0.04,30499,Office Supplies,Paper
2862,Order Finished,Jessica Myrick,2010-10-14,1,368920,0.05,18446,Furniture,Chairs & Chairmats
2863,Order Finished,Harry Marie,2010-11-14,28,1149980,0.06,68999,Technology,Computer Peripherals
2864,Order Finished,Erica Hackney,2010-01-15,45,7506840,0.0,0,Technology,Computer Peripherals
2866,Order Finished,Troy Blackwell,2010-02-06,42,446660,0.0,0,Technology,Computer Peripherals
2870,Order Finished,Harry Marie,2011-08-14,29,6436840,0.08,514947,Furniture,Bookcases
2872,Order Finished,Art Foster,2009-01-31,6,902880,0.1,90288,Office Supplies,Appliances
2873,Order Finished,Odella Nelson,2010-07-26,47,2582700,0.04,103308,Office Supplies,Paper
2874,Order Finished,Clytie Kelty,2010-01-12,39,1714640,0.05,85732,Furniture,Office Furnishings
2876,Order Finished,Steven Roelle,2011-07-18,38,9300140,0.04,372006,Furniture,Bookcases
2881,Order Finished,Lena Creighton,2011-02-10,9,237900,0.03,7137,Furniture,Office Furnishings
2884,Order Finished,Lena Creighton,2012-05-03,24,2608055,0.1,260806,Technology,Telephones & Communication
2885,Order Finished,Beth Thompson,2009-03-19,28,309220,0.06,18553,Office Supplies,Binders & Binder Accessories
2887,Order Finished,Rob Haberlin,2012-09-15,16,1025620,0.1,102562,Furniture,Chairs & Chairmats
2888,Order Finished,Fred Wasserman,2009-12-06,8,338220,0.0,0,Technology,Computer Peripherals
2890,Order Finished,Lena Creighton,2010-02-19,4,313940,0.01,3139,Office Supplies,Binders & Binder Accessories
2892,Order Returned,Clytie Kelty,2012-04-28,37,3969220,0.05,198461,Office Supplies,Paper
2895,Order Finished,Jenna Caffey,2010-12-04,3,3081540,0.04,123262,Technology,Copiers & Fax
2898,Order Finished,Ken Brennan,2012-03-13,20,481480,0.05,24074,Office Supplies,Paper
2899,Order Finished,Ken Brennan,2010-06-16,21,6145720,0.08,491658,Furniture,Tables
2904,Order Finished,Don Weiss,2009-03-27,11,3472520,0.01,34725,Furniture,Chairs & Chairmats
2907,Order Finished,Jim Sink,2009-07-24,31,6155462,0.05,307773,Technology,Telephones & Communication
2909,Order Finished,Jim Sink,2010-01-25,45,30936432,0.01,309364,Furniture,Tables
2912,Order Finished,Hallie Redmond,2012-04-09,3,1209152,0.03,36275,Furniture,Tables
2916,Order Finished,Benjamin Patterson,2009-05-07,43,4502994,0.09,405269,Technology,Telephones & Communication
2918,Order Finished,Michael Dominguez,2009-06-22,18,184800,0.04,7392,Office Supplies,Envelopes
2922,Order Finished,Mark Cousins,2010-05-31,48,184500,0.07,12915,Office Supplies,Rubber Bands
2923,Order Returned,Kalyca Meade,2010-11-26,24,951800,0.02,19036,Office Supplies,Paper
2925,Order Finished,Michael Dominguez,2010-10-27,17,408140,0.08,32651,Office Supplies,Appliances
2926,Order Finished,Max Jones,2009-10-13,48,224320,0.0,0,Furniture,Office Furnishings
2929,Order Returned,Clytie Kelty,2011-06-03,19,7792780,0.1,779278,Furniture,Chairs & Chairmats
2931,Order Finished,Max Jones,2010-12-05,34,151140,0.02,3023,Office Supplies,Pens & Art Supplies
2933,Order Finished,Max Jones,2009-07-26,40,42851820,0.01,428518,Furniture,Chairs & Chairmats
2934,Order Finished,Gene Mc Clure,2010-07-03,20,10608840,0.01,106088,Furniture,Tables
2936,Order Finished,Denny Joy,2012-04-07,50,4037360,0.1,403736,Technology,Computer Peripherals
2938,Order Finished,John Castell,2009-11-10,39,7685980,0.04,307439,Office Supplies,Storage & Organization
2939,Order Finished,Clytie Kelty,2009-06-04,32,3174320,0.09,285689,Technology,Computer Peripherals
2941,Order Finished,Michael Dominguez,2011-10-02,1,141820,0.03,4255,Office Supplies,Appliances
2945,Order Returned,Amy Cox,2009-01-15,7,102540,0.06,6152,Office Supplies,Paper
2947,Order Finished,Maureen Fritzler,2010-07-03,22,799280,0.04,31971,Technology,Office Machines
2948,Order Returned,Mark Cousins,2012-06-22,20,2714880,0.09,244339,Furniture,Bookcases
2950,Order Finished,Michael Dominguez,2012-06-07,36,8339860,0.1,833986,Office Supplies,Binders & Binder Accessories
2952,Order Finished,Hallie Redmond,2012-06-29,4,1514220,0.07,105995,Furniture,Chairs & Chairmats
2954,Order Finished,Odella Nelson,2012-10-24,8,211900,0.01,2119,Office Supplies,Pens & Art Supplies
2955,Order Finished,Lena Creighton,2009-02-13,44,10967920,0.02,219358,Furniture,Bookcases
2960,Order Finished,Benjamin Patterson,2010-02-26,21,681400,0.05,34070,Furniture,Tables
2963,Order Finished,Steven Roelle,2012-07-31,47,514400,0.04,20576,Office Supplies,Appliances
2965,Order Finished,Ken Brennan,2012-03-02,17,2767800,0.05,138390,Technology,Computer Peripherals
2966,Order Finished,Amy Cox,2011-03-15,37,264240,0.07,18497,Office Supplies,Labels
2968,Order Finished,Kristen Hastings,2011-11-05,14,6047460,0.09,544271,Furniture,Tables
2969,Order Finished,Kristen Hastings,2009-01-18,25,17750340,0.05,887517,Furniture,Chairs & Chairmats
2970,Order Finished,Katrina Willman,2010-09-09,36,7204240,0.05,360212,Furniture,Chairs & Chairmats
2975,Order Finished,Benjamin Venier,2012-04-09,48,6801260,0.08,544101,Furniture,Bookcases
2976,Order Finished,Karl Brown,2011-06-23,22,3367140,0.1,336714,Technology,Computer Peripherals
2977,Order Finished,Aaron Hawkins,2011-02-24,27,610100,0.04,24404,Office Supplies,"Scissors, Rulers & Trimmers"
2981,Order Finished,David Kendrick,2010-07-20,30,3550660,0.05,177533,Furniture,Office Furnishings
2983,Order Finished,Tracy Poddar,2011-12-20,35,1078420,0.05,53921,Furniture,Tables
2984,Order Finished,Troy Staebel,2011-02-02,4,247640,0.05,12382,Furniture,Office Furnishings
2985,Order Finished,Raymond Fair,2009-04-22,33,6774640,0.05,338732,Technology,Computer Peripherals
2986,Order Finished,Alejandro Savely,2010-12-13,30,1981460,0.02,39629,Technology,Computer Peripherals
2987,Order Returned,Becky Martin,2012-08-28,47,18524700,0.09,1667223,Technology,Copiers & Fax
2989,Order Finished,Karl Brown,2012-08-21,19,837400,0.05,41870,Office Supplies,Pens & Art Supplies
2990,Order Finished,Amy Cox,2011-07-22,19,386500,0.03,11595,Office Supplies,Pens & Art Supplies
2992,Order Finished,Michael Kennedy,2012-02-10,23,211860,0.05,10593,Office Supplies,Paper
2993,Order Returned,Eleni Mc Crary,2012-08-29,9,5286300,0.01,52863,Furniture,Tables
2996,Order Finished,Sara Luxemburg,2011-10-25,19,3233740,0.1,323374,Furniture,Chairs & Chairmats
2998,Order Finished,Eric Barreto,2010-01-12,3,449488,0.02,8990,Furniture,Tables
2999,Order Finished,Amy Cox,2010-09-24,7,706040,0.0,0,Office Supplies,Appliances
3000,Order Finished,Katherine Murray,2012-05-02,24,444860,0.06,26692,Office Supplies,Paper
3002,Order Finished,Michael Kennedy,2012-06-27,43,1242880,0.08,99430,Office Supplies,Storage & Organization
3005,Order Finished,Denise Leinenbach,2011-08-17,10,394420,0.06,23665,Office Supplies,Binders & Binder Accessories
3006,Order Finished,Evan Henry,2012-12-11,4,56080,0.09,5047,Office Supplies,Paper
3007,Order Finished,Kean Thornton,2012-06-08,13,7447980,0.03,223439,Office Supplies,Appliances
3011,Order Returned,Julie Prescott,2009-03-17,38,673700,0.01,6737,Technology,Computer Peripherals
3012,Order Finished,Cari Mac Intyre,2011-11-13,47,29920192,0.01,299202,Furniture,Tables
3013,Order Finished,Grant Donatelli,2012-05-14,39,2687200,0.06,161232,Office Supplies,Envelopes
3015,Order Finished,Julie Prescott,2011-08-09,4,51640,0.01,516,Office Supplies,Paper
3016,Order Finished,Jason Fortune,2010-05-21,12,174220,0.08,13938,Technology,Computer Peripherals
3017,Order Finished,Candace Mc Mahon,2010-02-26,40,243840,0.09,21946,Office Supplies,Labels
3019,Order Finished,Jim Karlsson,2011-07-25,20,195300,0.04,7812,Furniture,Office Furnishings
3020,Order Returned,Philip Fox,2009-11-29,21,704880,0.09,63439,Office Supplies,Pens & Art Supplies
3021,Order Returned,Candace Mc Mahon,2009-12-14,8,229460,0.03,6884,Furniture,Office Furnishings
3022,Order Finished,Grant Carroll,2012-04-27,30,6590300,0.07,461321,Technology,Computer Peripherals
3027,Order Finished,Grant Donatelli,2012-09-12,7,7755760,0.08,620461,Furniture,Tables
3030,Order Finished,Philip Fox,2012-12-12,47,1066940,0.09,96025,Office Supplies,Binders & Binder Accessories
3034,Order Finished,Grant Carroll,2011-07-04,39,631760,0.09,56858,Technology,Computer Peripherals
3038,Order Finished,Patrick Jones,2010-08-23,48,15036240,0.04,601450,Technology,Computer Peripherals
3040,Order Finished,Ionia Mc Grath,2010-12-26,15,136640,0.05,6832,Office Supplies,Paper
3041,Order Finished,Ionia Mc Grath,2012-06-15,41,3983860,0.02,79677,Office Supplies,Paper
3046,Order Finished,Quincy Jones,2011-06-30,43,898340,0.01,8983,Office Supplies,Pens & Art Supplies
3047,Order Finished,Lori Olson,2010-10-07,37,3040520,0.04,121621,Office Supplies,Binders & Binder Accessories
3048,Order Finished,Ionia Mc Grath,2009-02-10,41,947340,0.04,37894,Office Supplies,Paper
3050,Order Finished,Karen Seio,2010-05-14,33,15738440,0.1,1573844,Furniture,Chairs & Chairmats
3052,Order Finished,Ionia Mc Grath,2010-12-10,27,3982520,0.01,39825,Office Supplies,Appliances
3053,Order Finished,Patrick Jones,2010-02-25,32,767620,0.03,23029,Office Supplies,Storage & Organization
3054,Order Finished,Nona Balk,2010-08-26,12,4101424,0.05,205071,Furniture,Tables
3056,Order Finished,Quincy Jones,2011-07-22,46,462700,0.03,13881,Office Supplies,Paper
3057,Order Finished,Lori Olson,2012-07-14,27,1797800,0.03,53934,Technology,Computer Peripherals
3059,Order Finished,Nona Balk,2011-07-06,1,19380,0.05,969,Office Supplies,Paper
3060,Order Finished,John Lee,2010-07-17,37,853280,0.09,76795,Furniture,Office Furnishings
3062,Order Finished,John Lee,2009-01-17,33,1057080,0.06,63425,Technology,Computer Peripherals
3069,Order Finished,Patrick Jones,2012-07-12,3,472640,0.03,14179,Technology,Computer Peripherals
3071,Order Finished,Patrick Jones,2012-11-10,1,13540,0.06,812,Office Supplies,Pens & Art Supplies
3072,Order Finished,Nathan Mautz,2009-03-01,1,7100560,0.06,426034,Technology,Copiers & Fax
3076,Order Finished,Erin Mull,2012-04-17,42,399160,0.05,19958,Office Supplies,Binders & Binder Accessories
3078,Order Finished,Ionia Mc Grath,2009-11-21,33,3289180,0.09,296026,Technology,Computer Peripherals
3081,Order Finished,Nathan Mautz,2012-08-12,22,304880,0.03,9146,Office Supplies,Paper
3082,Order Returned,Karen Seio,2012-08-11,20,5700620,0.09,513056,Office Supplies,Storage & Organization
3083,Order Finished,Emily Phan,2009-03-21,13,178122100,0.0,0,Technology,Office Machines
3084,Order Finished,Ionia Mc Grath,2009-09-30,50,5721860,0.03,171656,Technology,Telephones & Communication
3086,Order Finished,Emily Phan,2010-09-21,16,672580,0.08,53806,Office Supplies,Pens & Art Supplies
3088,Order Finished,Patrick Jones,2009-07-17,50,173400,0.07,12138,Furniture,Office Furnishings
3089,Order Returned,Nathan Mautz,2010-01-20,26,1728320,0.09,155549,Furniture,Office Furnishings
3090,Order Finished,Patrick Jones,2012-06-04,16,1246700,0.03,37401,Office Supplies,Paper
3091,Order Finished,Erin Mull,2012-02-23,9,141760,0.01,1418,Office Supplies,Paper
3092,Order Finished,Nathan Mautz,2012-04-29,10,111640,0.01,1116,Furniture,Office Furnishings
3093,Order Finished,Nathan Mautz,2010-02-20,39,426000,0.01,4260,Office Supplies,Paper
3094,Order Finished,Nathan Mautz,2010-08-15,39,462160,0.01,4622,Office Supplies,Paper
3095,Order Finished,Ionia Mc Grath,2011-12-05,26,236860,0.02,4737,Office Supplies,Paper
3099,Order Finished,Emily Phan,2011-08-17,11,254640,0.1,25464,Office Supplies,Binders & Binder Accessories
3102,Order Returned,Karen Seio,2010-04-19,18,169480,0.06,10169,Office Supplies,Labels
3103,Order Finished,Patrick Gardner,2011-11-21,40,204300,0.03,6129,Furniture,Office Furnishings
3104,Order Finished,Ionia Mc Grath,2011-08-14,3,39140,0.02,783,Office Supplies,Pens & Art Supplies
3105,Order Finished,Patrick Jones,2009-10-28,43,1713800,0.02,34276,Office Supplies,Paper
3107,Order Finished,Justin Deggeller,2011-10-21,31,1310660,0.08,104853,Office Supplies,Pens & Art Supplies
3108,Order Finished,Tony Sayre,2009-03-28,10,1916360,0.03,57491,Technology,Office Machines
3109,Order Finished,Karen Seio,2010-08-03,19,1012980,0.06,60779,Office Supplies,Appliances
3110,Order Finished,Patrick Jones,2012-05-26,49,3889740,0.06,233384,Office Supplies,Appliances
3111,Order Returned,Erin Mull,2010-02-02,40,288560,0.01,2886,Office Supplies,Labels
3112,Order Finished,Tony Sayre,2011-08-03,41,835060,0.02,16701,Furniture,Office Furnishings
3114,Order Finished,Patrick Jones,2012-09-18,13,152760,0.03,4583,Office Supplies,Binders & Binder Accessories
3115,Order Finished,Patrick Jones,2012-01-06,10,172000,0.05,8600,Office Supplies,Appliances
3116,Order Finished,Patrick Jones,2010-09-07,36,293420,0.01,2934,Office Supplies,Paper
3120,Order Finished,Stefanie Holloman,2011-08-09,41,1452440,0.01,14524,Furniture,Office Furnishings
3122,Order Finished,Joe Elijah,2011-06-11,22,1292140,0.06,77528,Technology,Computer Peripherals
3123,Order Finished,Lindsay Williams,2010-04-19,4,253740,0.08,20299,Technology,Computer Peripherals
3125,Order Returned,Keith Dawkins,2009-02-27,28,669780,0.03,20093,Technology,Office Machines
3128,Order Finished,Ken Black,2012-09-30,31,1875600,0.0,0,Office Supplies,Storage & Organization
3129,Order Finished,Dave Brooks,2009-05-14,40,454740,0.0,0,Office Supplies,Paper
3132,Order Finished,Marc Crier,2010-05-25,5,2773200,0.09,249588,Furniture,Chairs & Chairmats
3135,Order Finished,Deborah Brumfield,2009-04-27,38,21647680,0.09,1948291,Technology,Computer Peripherals
3137,Order Finished,Nicole Brennan,2009-10-09,20,189720,0.08,15178,Office Supplies,Labels
3138,Order Finished,John Lee,2010-04-30,44,349800,0.06,20988,Office Supplies,Binders & Binder Accessories
3140,Order Finished,Marc Crier,2011-09-07,20,134060,0.04,5362,Office Supplies,"Scissors, Rulers & Trimmers"
3144,Order Finished,Keith Dawkins,2009-03-27,29,1095640,0.08,87651,Furniture,Office Furnishings
3145,Order Finished,Marc Crier,2010-10-21,14,556540,0.02,11131,Office Supplies,Binders & Binder Accessories
3147,Order Returned,Keith Dawkins,2011-05-31,7,2022320,0.02,40446,Furniture,Office Furnishings
3148,Order Finished,Steve Chapman,2010-03-01,8,361580,0.05,18079,Office Supplies,Paper
3149,Order Finished,Ken Black,2010-01-26,8,975180,0.04,39007,Furniture,Bookcases
3151,Order Finished,Deborah Brumfield,2011-10-18,16,646520,0.06,38791,Furniture,Office Furnishings
3153,Order Finished,Denise Monton,2010-02-24,10,417540,0.07,29228,Technology,Computer Peripherals
3154,Order Finished,Scot Wooten,2012-11-28,4,68540,0.1,6854,Office Supplies,Paper
3155,Order Finished,Marc Crier,2009-02-01,41,6558020,0.06,393481,Technology,Office Machines
3159,Order Finished,Marc Crier,2010-11-01,11,173580,0.06,10415,Technology,Computer Peripherals
3164,Order Finished,Keith Dawkins,2011-11-03,11,932700,0.01,9327,Furniture,Office Furnishings
3165,Order Finished,John Lee,2012-04-03,42,306020,0.04,12241,Office Supplies,Binders & Binder Accessories
3167,Order Returned,Joe Elijah,2010-07-17,41,450120,0.05,22506,Office Supplies,Binders & Binder Accessories
3168,Order Finished,Marc Crier,2009-04-08,3,65520,0.06,3931,Office Supplies,Labels
3169,Order Finished,Steve Chapman,2011-11-19,21,3006980,0.03,90209,Office Supplies,Appliances
3175,Order Returned,Steve Chapman,2010-06-25,8,98280,0.05,4914,Office Supplies,Paper
3176,Order Finished,John Lee,2011-04-24,10,3201700,0.07,224119,Furniture,Tables
3179,Order Finished,Denise Monton,2011-05-03,27,188920,0.02,3778,Office Supplies,Pens & Art Supplies
3184,Order Finished,Lindsay Williams,2012-09-12,41,16376380,0.05,818819,Technology,Office Machines
3186,Order Finished,John Lee,2010-08-26,42,618340,0.09,55651,Office Supplies,Appliances
3188,Order Finished,Joe Elijah,2009-01-16,35,1007500,0.0,0,Office Supplies,Storage & Organization
3192,Order Finished,Marc Crier,2012-11-06,25,244100,0.0,0,Office Supplies,Binders & Binder Accessories
3193,Order Finished,Scot Wooten,2011-11-05,10,96000,0.09,8640,Furniture,Office Furnishings
3194,Order Finished,Joe Elijah,2010-08-28,33,1010160,0.01,10102,Office Supplies,Binders & Binder Accessories
3196,Order Finished,Stefanie Holloman,2009-01-26,10,785540,0.09,70699,Technology,Computer Peripherals
3197,Order Finished,Ed Braxton,2012-04-14,38,3008440,0.02,60169,Technology,Computer Peripherals
3198,Order Finished,Ed Braxton,2010-09-26,50,1490960,0.02,29819,Office Supplies,Appliances
3200,Order Finished,Corey Catlett,2012-02-29,25,303500,0.04,12140,Office Supplies,Binders & Binder Accessories
3203,Order Finished,Penelope Sewall,2011-04-06,23,621040,0.01,6210,Office Supplies,"Scissors, Rulers & Trimmers"
3204,Order Finished,Sean Braxton,2009-09-28,2,1379480,0.06,82769,Office Supplies,Appliances
3207,Order Finished,Thais Sissman,2012-02-17,20,119700,0.03,3591,Office Supplies,Pens & Art Supplies
3209,Order Finished,Tanja Norvell,2010-01-25,15,988680,0.05,49434,Office Supplies,Storage & Organization
3210,Order Finished,Linda Southworth,2010-09-14,47,4300500,0.06,258030,Office Supplies,Appliances
3211,Order Finished,Michael Moore,2012-08-26,21,7258235,0.06,435494,Technology,Telephones & Communication
3213,Order Finished,Troy Blackwell,2011-10-16,30,16633520,0.05,831676,Office Supplies,Appliances
3215,Order Finished,Ross Baird,2009-09-19,35,1575120,0.0,0,Office Supplies,Pens & Art Supplies
3216,Order Finished,Ross Baird,2009-12-11,37,1131820,0.05,56591,Furniture,Office Furnishings
3217,Order Finished,Tracy Zic,2010-04-11,13,196780,0.01,1968,Office Supplies,Paper
3222,Order Finished,Roy Skaria,2009-05-17,7,41000,0.06,2460,Office Supplies,Pens & Art Supplies
3223,Order Finished,Steven Ward,2011-11-26,16,153200,0.01,1532,Office Supplies,Binders & Binder Accessories
3226,Order Finished,Ryan Crowe,2009-03-28,42,589560,0.05,29478,Office Supplies,Paper
3227,Order Finished,Roy Skaria,2012-09-12,45,565420,0.09,50888,Office Supplies,Paper
3229,Order Finished,Irene Maddox,2011-11-01,36,9467400,0.0,0,Furniture,Chairs & Chairmats
3232,Order Finished,Maurice Satty,2009-04-06,27,769480,0.01,7695,Office Supplies,Storage & Organization
3233,Order Returned,Henry Goldwyn,2009-12-29,24,267880,0.08,21430,Office Supplies,Pens & Art Supplies
3235,Order Finished,Roy Skaria,2010-08-15,23,42125820,0.01,421258,Furniture,Bookcases
3237,Order Finished,Maureen Grace,2010-05-29,43,7363499,0.01,73635,Technology,Telephones & Communication
3238,Order Finished,Eric Hoffmann,2010-09-30,36,4600900,0.02,92018,Office Supplies,Envelopes
3239,Order Finished,Jill Stevenson,2012-02-27,32,2850120,0.1,285012,Office Supplies,Paper
3240,Order Finished,Evan Bailliet,2012-01-12,3,62700,0.03,1881,Office Supplies,Binders & Binder Accessories
3241,Order Finished,Meg Tillman,2009-06-03,46,22115200,0.08,1769216,Furniture,Tables
3242,Order Finished,Gary Mc Garr,2011-05-12,44,20891900,0.07,1462433,Furniture,Chairs & Chairmats
3243,Order Finished,Russell D'Ascenzo,2012-05-13,15,132660,0.03,3980,Office Supplies,Binders & Binder Accessories
3244,Order Finished,Gary Hwang,2012-06-20,28,395148,0.05,19757,Technology,Telephones & Communication
3245,Order Finished,Meg Tillman,2010-05-05,37,9871440,0.07,691001,Furniture,Bookcases
3247,Order Finished,Emily Ducich,2009-04-09,8,171700,0.03,5151,Office Supplies,Appliances
3248,Order Finished,Stewart Visinsky,2011-05-28,41,344300,0.02,6886,Office Supplies,Labels
3250,Order Finished,Linda Southworth,2010-01-03,37,3535760,0.07,247503,Office Supplies,Appliances
3251,Order Finished,Henry Goldwyn,2011-10-16,17,5275560,0.04,211022,Technology,Computer Peripherals
3254,Order Finished,Sue Ann Reed,2011-08-08,35,212120,0.08,16970,Office Supplies,"Scissors, Rulers & Trimmers"
3256,Order Finished,Thais Sissman,2009-06-19,36,20245440,0.07,1417181,Furniture,Chairs & Chairmats
3258,Order Finished,Katherine Ducich,2009-01-17,3,598160,0.03,17945,Office Supplies,Envelopes
3259,Order Finished,Victor Price,2009-01-27,4,754426,0.02,15089,Technology,Telephones & Communication
3260,Order Finished,Tanja Norvell,2011-06-30,15,280140,0.04,11206,Office Supplies,Binders & Binder Accessories
3263,Order Finished,Tanja Norvell,2010-11-09,9,99780,0.06,5987,Office Supplies,Paper
3264,Order Finished,Tracy Zic,2010-06-02,32,1199040,0.04,47962,Technology,Office Machines
3265,Order Returned,Thais Sissman,2010-04-19,26,7324320,0.01,73243,Furniture,Bookcases
3267,Order Finished,Thais Sissman,2011-03-11,6,254980,0.08,20398,Technology,Computer Peripherals
3269,Order Finished,Denny Joy,2010-06-21,8,110000,0.05,5500,Office Supplies,Binders & Binder Accessories
3270,Order Finished,Steven Ward,2009-11-18,4,349100,0.05,17455,Technology,Computer Peripherals
3272,Order Finished,Tracy Collins,2011-06-24,44,1679400,0.07,117558,Office Supplies,Paper
3275,Order Finished,Natalie Webber,2009-10-04,24,3096860,0.02,61937,Furniture,Office Furnishings
3276,Order Finished,Toby Knight,2010-03-12,21,4371907,0.1,437191,Technology,Telephones & Communication
3278,Order Finished,Nick Radford,2012-08-07,38,12433200,0.02,248664,Office Supplies,Storage & Organization
3281,Order Finished,Ross Baird,2010-09-27,8,4349920,0.05,217496,Technology,Office Machines
3282,Order Finished,Maurice Satty,2012-12-24,7,102060,0.09,9185,Office Supplies,Binders & Binder Accessories
3288,Order Finished,Sue Ann Reed,2010-10-23,33,926840,0.08,74147,Office Supplies,Binders & Binder Accessories
3289,Order Finished,Jill Stevenson,2011-01-21,4,1994000,0.09,179460,Furniture,Chairs & Chairmats
3290,Order Finished,Penelope Sewall,2012-02-06,43,4715817,0.06,282949,Technology,Telephones & Communication
3291,Order Returned,Gary Hwang,2011-01-01,15,145340,0.04,5814,Office Supplies,Paper
3292,Order Returned,Roy Skaria,2012-06-27,50,198160,0.01,1982,Office Supplies,Pens & Art Supplies
3296,Order Finished,Nora Pelletier,2011-06-24,5,262540,0.1,26254,Furniture,Chairs & Chairmats
3298,Order Finished,Valerie Takahito,2012-09-23,21,1577700,0.06,94662,Office Supplies,Binders & Binder Accessories
3299,Order Finished,Valerie Dominguez,2011-10-30,26,133200,0.08,10656,Office Supplies,Rubber Bands
3300,Order Finished,Gary Hwang,2012-11-01,36,141260,0.1,14126,Office Supplies,"Scissors, Rulers & Trimmers"
3302,Order Finished,Natalie Webber,2010-03-14,41,956760,0.09,86108,Office Supplies,Appliances
3304,Order Finished,Thais Sissman,2010-02-11,30,629860,0.0,0,Technology,Office Machines
3309,Order Finished,Mike Gockenbach,2010-09-18,10,78840,0.06,4730,Office Supplies,Pens & Art Supplies
3311,Order Finished,Nora Pelletier,2011-07-13,38,274140,0.09,24673,Office Supplies,Binders & Binder Accessories
3313,Order Finished,Maurice Satty,2011-04-15,17,68320,0.09,6149,Office Supplies,Pens & Art Supplies
3314,Order Finished,Tom Zandusky,2009-08-18,5,489800,0.06,29388,Technology,Computer Peripherals
3315,Order Finished,Natalie Webber,2011-02-01,2,250546,0.02,5011,Technology,Telephones & Communication
3317,Order Finished,Gary Hwang,2012-03-09,41,531220,0.1,53122,Office Supplies,Paper
3318,Order Finished,Jamie Frazer,2011-12-15,21,4078660,0.08,326293,Furniture,Chairs & Chairmats
3319,Order Finished,Natalie Webber,2009-01-18,50,5685080,0.05,284254,Office Supplies,Binders & Binder Accessories
3320,Order Finished,Joseph Airdo,2011-11-25,24,80480,0.1,8048,Office Supplies,Pens & Art Supplies
3321,Order Finished,Irene Maddox,2009-07-17,21,197540,0.07,13828,Office Supplies,Labels
3324,Order Finished,Mick Crebagga,2011-03-13,20,2920840,0.04,116834,Office Supplies,Appliances
3326,Order Finished,Steven Ward,2011-01-02,50,2454360,0.0,0,Furniture,Office Furnishings
3329,Order Finished,Linda Southworth,2011-03-26,44,410220,0.06,24613,Office Supplies,Labels
3330,Order Finished,Roy Skaria,2012-02-06,46,22072320,0.05,1103616,Furniture,Tables
3333,Order Finished,Valerie Takahito,2012-03-19,46,350460,0.04,14018,Office Supplies,Envelopes
3334,Order Returned,Mike Gockenbach,2010-05-26,43,449160,0.03,13475,Office Supplies,Paper
3335,Order Finished,Ryan Crowe,2012-05-09,6,686720,0.08,54938,Office Supplies,Appliances
3336,Order Finished,Troy Blackwell,2010-12-03,30,4955980,0.0,0,Office Supplies,Appliances
3337,Order Finished,Mike Gockenbach,2009-01-13,50,595520,0.07,41686,Office Supplies,Paper
3338,Order Finished,Valerie Dominguez,2009-01-05,43,514820,0.09,46334,Office Supplies,Storage & Organization
3339,Order Returned,Michael Oakman,2010-11-23,35,482860,0.01,4829,Office Supplies,"Scissors, Rulers & Trimmers"
3340,Order Finished,Gary Mc Garr,2011-11-19,14,188640,0.06,11318,Office Supplies,Paper
3341,Order Finished,Henry Goldwyn,2009-11-07,45,306540,0.08,24523,Office Supplies,Labels
3342,Order Finished,Thais Sissman,2011-04-21,47,1343560,0.1,134356,Office Supplies,Envelopes
3343,Order Finished,Troy Blackwell,2012-09-29,28,2215280,0.06,132917,Office Supplies,Binders & Binder Accessories
3345,Order Finished,Mick Crebagga,2012-12-10,12,7069120,0.03,212074,Office Supplies,Appliances
3347,Order Finished,Joseph Airdo,2011-05-20,25,148140,0.04,5926,Office Supplies,Binders & Binder Accessories
3349,Order Finished,Tracy Collins,2011-10-26,19,150380,0.05,7519,Office Supplies,Labels
3350,Order Finished,Irene Maddox,2011-07-07,23,2056320,0.07,143942,Technology,Telephones & Communication
3353,Order Returned,Rachel Payne,2009-10-31,9,267700,0.03,8031,Office Supplies,Storage & Organization
3354,Order Finished,Tanja Norvell,2009-10-19,50,15655020,0.05,782751,Technology,Computer Peripherals
3355,Order Finished,Craig Molinari,2011-02-28,13,140260,0.02,2805,Office Supplies,Paper
3358,Order Finished,Valerie Takahito,2010-01-03,43,575220,0.02,11504,Office Supplies,Paper
3360,Order Finished,Penelope Sewall,2012-06-28,26,14403780,0.09,1296340,Furniture,Tables
3362,Order Finished,Tanja Norvell,2012-08-12,50,4080780,0.07,285655,Office Supplies,Paper
3365,Order Finished,Meg Tillman,2011-07-27,16,83040,0.06,4982,Office Supplies,Paper
3367,Order Finished,Tracy Zic,2012-11-19,26,6454760,0.05,322738,Furniture,Chairs & Chairmats
3368,Order Finished,Evan Bailliet,2009-02-10,7,208920,0.01,2089,Technology,Office Machines
3370,Order Finished,Jill Fjeld,2012-01-04,38,7063500,0.0,0,Furniture,Office Furnishings
3371,Order Finished,Rachel Payne,2012-09-09,12,173380,0.0,0,Office Supplies,Paper
3376,Order Returned,Steven Cartwright,2012-01-26,4,2070400,0.08,165632,Technology,Office Machines
3377,Order Finished,Eric Hoffmann,2010-01-06,25,227600,0.07,15932,Office Supplies,Binders & Binder Accessories
3379,Order Finished,Penelope Sewall,2012-09-18,24,323740,0.04,12950,Office Supplies,Paper
3380,Order Finished,Mick Crebagga,2010-08-13,26,90760,0.07,6353,Office Supplies,Pens & Art Supplies
3381,Order Finished,Matthew Clasen,2009-08-28,9,247840,0.09,22306,Furniture,Office Furnishings
3383,Order Returned,Michael Oakman,2012-11-24,35,384420,0.07,26909,Furniture,Office Furnishings
3384,Order Finished,Mick Crebagga,2012-04-27,50,415080,0.03,12452,Office Supplies,Pens & Art Supplies
3388,Order Finished,Rachel Payne,2010-07-31,41,2969780,0.03,89093,Office Supplies,Envelopes
3390,Order Finished,Thomas Brumley,2009-03-10,36,350700,0.1,35070,Office Supplies,Paper
3393,Order Finished,Sean Braxton,2010-11-29,4,251560,0.02,5031,Office Supplies,Binders & Binder Accessories
3396,Order Returned,Gary Hwang,2011-11-18,48,1240460,0.06,74428,Furniture,Office Furnishings
3399,Order Finished,Tracy Collins,2009-04-21,21,15683140,0.05,784157,Office Supplies,Appliances
3402,Order Finished,Nora Pelletier,2010-09-04,10,556200,0.09,50058,Office Supplies,Binders & Binder Accessories
3403,Order Finished,Maurice Satty,2010-10-18,5,171780,0.08,13742,Technology,Computer Peripherals
3405,Order Finished,Sean Braxton,2012-03-28,30,20827340,0.04,833094,Furniture,Chairs & Chairmats
3409,Order Finished,Valerie Dominguez,2009-07-09,5,48180,0.04,1927,Office Supplies,Binders & Binder Accessories
3413,Order Finished,Tanja Norvell,2009-01-20,36,4334100,0.02,86682,Office Supplies,Appliances
3414,Order Finished,Thomas Brumley,2011-06-18,10,472340,0.09,42511,Furniture,Office Furnishings
3415,Order Finished,Eric Barreto,2009-11-01,25,304620,0.03,9139,Office Supplies,Binders & Binder Accessories
3416,Order Finished,Nick Radford,2011-04-28,28,7165580,0.0,0,Furniture,Chairs & Chairmats
3418,Order Finished,Sanjit Engle,2012-12-17,28,607940,0.1,60794,Office Supplies,Binders & Binder Accessories
3421,Order Finished,Evan Bailliet,2009-11-04,36,662740,0.03,19882,Office Supplies,Paper
3425,Order Finished,Phillip Flathmann,2012-03-11,42,3752180,0.02,75044,Office Supplies,Binders & Binder Accessories
3427,Order Finished,Tracy Collins,2012-06-10,3,71360,0.01,714,Office Supplies,Envelopes
3429,Order Finished,Rachel Payne,2009-10-30,9,68360,0.06,4102,Office Supplies,Paper
3431,Order Finished,Michael Oakman,2010-05-01,43,827660,0.08,66213,Technology,Computer Peripherals
3432,Order Finished,Valerie Dominguez,2012-02-08,50,7202140,0.04,288086,Technology,Computer Peripherals
3433,Order Finished,Theresa Swint,2010-03-03,43,936960,0.07,65587,Office Supplies,Paper
3435,Order Finished,Maribeth Schnelling,2009-02-10,44,1902660,0.0,0,Furniture,Office Furnishings
3436,Order Finished,Thais Sissman,2012-04-13,1,31440,0.0,0,Office Supplies,Appliances
3437,Order Finished,Michael Oakman,2011-06-18,28,1050800,0.08,84064,Office Supplies,Pens & Art Supplies
3441,Order Finished,Rick Bensley,2012-09-23,43,1057060,0.05,52853,Office Supplies,Storage & Organization
3443,Order Returned,Rick Bensley,2011-09-24,28,2416700,0.0,0,Technology,Computer Peripherals
3445,Order Finished,Theresa Swint,2009-03-02,1,398960,0.08,31917,Furniture,Bookcases
3446,Order Finished,Mick Crebagga,2011-01-15,37,1851600,0.01,18516,Office Supplies,Binders & Binder Accessories
3448,Order Finished,Thea Hudgings,2009-03-14,34,3865160,0.1,386516,Furniture,Office Furnishings
3449,Order Finished,Arthur Gainer,2009-07-02,10,1203140,0.09,108283,Furniture,Chairs & Chairmats
3451,Order Finished,Tanja Norvell,2011-02-26,7,751140,0.02,15023,Office Supplies,Binders & Binder Accessories
3456,Order Finished,Katherine Ducich,2011-11-17,26,4758657,0.09,428279,Technology,Telephones & Communication
3458,Order Finished,Rick Bensley,2012-08-01,26,291520,0.0,0,Office Supplies,Binders & Binder Accessories
3459,Order Finished,Michael Moore,2009-02-11,36,19514960,0.07,1366047,Furniture,Chairs & Chairmats
3460,Order Finished,Tom Zandusky,2012-11-25,13,175820,0.05,8791,Office Supplies,Paper
3461,Order Finished,Tanja Norvell,2010-12-12,41,11648020,0.1,1164802,Furniture,Chairs & Chairmats
3463,Order Finished,Henia Zydlo,2012-10-31,49,828220,0.08,66258,Office Supplies,Envelopes
3465,Order Finished,Russell D'Ascenzo,2012-05-31,17,244840,0.08,19587,Office Supplies,Paper
3466,Order Returned,Mick Crebagga,2009-02-25,31,611520,0.1,61152,Office Supplies,Binders & Binder Accessories
3467,Order Finished,Evan Bailliet,2011-08-13,13,819940,0.07,57396,Office Supplies,Appliances
3469,Order Finished,Victor Price,2011-07-27,46,11230800,0.07,786156,Technology,Office Machines
3470,Order Finished,Troy Blackwell,2011-03-07,33,3384060,0.1,338406,Office Supplies,Paper
3472,Order Finished,Gary Hwang,2009-12-05,5,19408740,0.03,582262,Technology,Office Machines
3473,Order Finished,Katherine Ducich,2012-05-12,22,285760,0.08,22861,Office Supplies,Paper
3474,Order Finished,Theresa Swint,2011-07-02,8,1752020,0.07,122641,Office Supplies,Storage & Organization
3477,Order Finished,Harry Marie,2010-06-19,44,1678380,0.0,0,Technology,Office Machines
3480,Order Returned,Tracy Collins,2011-08-24,44,335100,0.03,10053,Office Supplies,Labels
3481,Order Finished,Jamie Frazer,2009-11-12,10,509780,0.09,45880,Technology,Computer Peripherals
3482,Order Finished,Rachel Payne,2011-06-01,25,940220,0.08,75218,Office Supplies,Paper
3483,Order Finished,Rachel Payne,2011-04-09,37,391020,0.03,11731,Office Supplies,Labels
3489,Order Finished,Steven Ward,2011-01-01,18,2327500,0.05,116375,Office Supplies,Binders & Binder Accessories
3490,Order Finished,Eric Hoffmann,2009-09-15,45,5089460,0.02,101789,Furniture,Office Furnishings
3491,Order Finished,Gary Hwang,2010-06-28,34,8562260,0.05,428113,Furniture,Chairs & Chairmats
3493,Order Returned,Toby Knight,2012-02-15,28,230040,0.0,0,Office Supplies,Rubber Bands
3494,Order Finished,Toby Knight,2009-09-19,17,1411700,0.04,56468,Technology,Computer Peripherals
3495,Order Finished,Joseph Airdo,2009-09-01,11,454820,0.06,27289,Furniture,Office Furnishings
3496,Order Finished,Valerie Takahito,2009-12-14,15,81500,0.03,2445,Office Supplies,Labels
3498,Order Finished,Natalie Webber,2011-02-06,17,172580,0.02,3452,Office Supplies,Labels
3500,Order Finished,Thais Sissman,2009-04-13,2,58640,0.08,4691,Office Supplies,Paper
3501,Order Finished,Jamie Frazer,2010-10-19,29,1133320,0.1,113332,Office Supplies,Paper
3503,Order Returned,Jack Garza,2012-10-05,47,20697460,0.09,1862771,Furniture,Tables
3504,Order Finished,Steven Cartwright,2011-10-21,41,2517940,0.1,251794,Technology,Computer Peripherals
3505,Order Finished,Helen Andreada,2012-03-07,41,1661060,0.01,16611,Furniture,Office Furnishings
3506,Order Finished,Sean Braxton,2011-09-30,26,1599680,0.08,127974,Technology,Computer Peripherals
3513,Order Finished,Rachel Payne,2012-05-17,43,260720,0.02,5214,Office Supplies,Labels
3515,Order Finished,Steven Ward,2009-02-28,46,2839660,0.07,198776,Office Supplies,Paper
3518,Order Finished,Rick Bensley,2011-04-01,40,3437740,0.02,68755,Technology,Computer Peripherals
3520,Order Finished,Thea Hudgings,2012-08-29,45,2016680,0.09,181501,Technology,Office Machines
3521,Order Finished,Sanjit Engle,2009-12-07,1,1068600,0.05,53430,Technology,Office Machines
3524,Order Finished,Sam Craven,2011-05-19,6,2619060,0.06,157144,Furniture,Chairs & Chairmats
3528,Order Finished,John Dryer,2010-09-03,5,4008240,0.1,400824,Office Supplies,Binders & Binder Accessories
3530,Order Finished,Ken Heidel,2011-06-16,25,577820,0.08,46226,Office Supplies,Paper
3531,Order Finished,Patrick Ryan,2010-02-27,19,277700,0.08,22216,Office Supplies,Binders & Binder Accessories
3532,Order Returned,Randy Bradley,2010-11-09,5,82360,0.1,8236,Office Supplies,Binders & Binder Accessories
3535,Order Finished,Ken Heidel,2012-12-02,32,36632600,0.06,2197956,Technology,Office Machines
3537,Order Finished,Joseph Holt,2011-08-28,43,640520,0.01,6405,Office Supplies,Binders & Binder Accessories
3540,Order Finished,Peter Fuller,2009-04-18,25,4260440,0.09,383440,Furniture,Chairs & Chairmats
3541,Order Finished,Patrick Ryan,2010-01-16,26,302100,0.09,27189,Office Supplies,Binders & Binder Accessories
3542,Order Finished,William Brown,2012-12-20,6,2368220,0.07,165775,Office Supplies,Storage & Organization
3547,Order Finished,Sam Craven,2010-07-31,13,1902620,0.06,114157,Office Supplies,Appliances
3550,Order Finished,Mitch Willingham,2009-05-01,43,1057200,0.01,10572,Office Supplies,Binders & Binder Accessories
3556,Order Finished,Ashley Jarboe,2010-04-04,17,338960,0.03,10169,Office Supplies,Paper
3557,Order Finished,Rick Hansen,2010-08-12,16,1163040,0.03,34891,Office Supplies,Paper
3561,Order Finished,Randy Bradley,2010-12-29,14,418600,0.01,4186,Office Supplies,Storage & Organization
3562,Order Finished,Ashley Jarboe,2011-10-31,30,400480,0.0,0,Office Supplies,Paper
3563,Order Finished,Toby Grace,2012-07-27,32,11691640,0.1,1169164,Technology,Office Machines
3564,Order Finished,Randy Bradley,2009-06-16,16,1413060,0.0,0,Technology,Computer Peripherals
3567,Order Finished,John Dryer,2009-10-11,13,2703520,0.03,81106,Office Supplies,Appliances
3568,Order Finished,Pauline Webber,2011-01-28,41,24250280,0.08,1940022,Technology,Office Machines
3569,Order Finished,William Brown,2010-08-21,44,4189956,0.06,251397,Technology,Telephones & Communication
3571,Order Finished,Patrick Ryan,2010-02-04,25,991600,0.03,29748,Furniture,Office Furnishings
3574,Order Finished,Julia Dunbar,2010-01-28,32,433020,0.02,8660,Office Supplies,Labels
3576,Order Finished,Rick Hansen,2012-04-29,35,1175840,0.09,105826,Office Supplies,Storage & Organization
3582,Order Finished,Peter Fuller,2010-09-23,43,9241060,0.0,0,Technology,Computer Peripherals
3583,Order Finished,William Brown,2011-02-04,9,5005340,0.1,500534,Furniture,Chairs & Chairmats
3584,Order Finished,Mitch Willingham,2010-05-02,38,6033700,0.05,301685,Office Supplies,Storage & Organization
3585,Order Finished,Neoma Murray,2012-12-09,4,12190280,0.06,731417,Technology,Office Machines
3587,Order Finished,William Brown,2011-11-22,15,215260,0.0,0,Office Supplies,Binders & Binder Accessories
3588,Order Finished,Peter Fuller,2009-10-08,23,137460,0.07,9622,Office Supplies,Pens & Art Supplies
3593,Order Finished,John Dryer,2010-10-02,19,356880,0.03,10706,Office Supplies,Paper
3595,Order Finished,Matt Collister,2009-07-22,44,1010020,0.06,60601,Office Supplies,Appliances
3596,Order Finished,Patrick Ryan,2011-12-28,32,1960140,0.09,176413,Office Supplies,Paper
3598,Order Finished,Pauline Webber,2011-03-22,7,60200,0.09,5418,Office Supplies,Binders & Binder Accessories
3600,Order Finished,Sam Craven,2010-01-18,26,860660,0.08,68853,Furniture,Office Furnishings
3601,Order Finished,Pauline Webber,2012-02-13,15,256540,0.0,0,Office Supplies,Rubber Bands
3602,Order Finished,Patrick Ryan,2009-09-12,4,584681,0.01,5847,Technology,Telephones & Communication
3603,Order Returned,Kean Takahito,2009-07-01,8,506520,0.02,10130,Office Supplies,Binders & Binder Accessories
3604,Order Finished,Julia Dunbar,2009-07-21,20,6723517,0.04,268941,Technology,Telephones & Communication
3607,Order Finished,John Dryer,2009-08-23,16,1175760,0.0,0,Technology,Computer Peripherals
3608,Order Finished,Julia Dunbar,2010-06-09,45,4415800,0.02,88316,Furniture,Office Furnishings
3610,Order Finished,Peter Fuller,2010-03-21,49,1016760,0.06,61006,Furniture,Office Furnishings
3612,Order Finished,Peter Fuller,2011-10-02,19,57640,0.0,0,Office Supplies,Rubber Bands
3613,Order Finished,Maya Herman,2010-12-06,39,1702340,0.07,119164,Office Supplies,Binders & Binder Accessories
3615,Order Finished,Nick Zandusky,2009-12-02,18,5134260,0.02,102685,Furniture,Office Furnishings
3616,Order Returned,Peter Fuller,2011-07-25,42,2488020,0.0,0,Technology,Computer Peripherals
3619,Order Finished,Rick Hansen,2011-05-05,8,188700,0.1,18870,Furniture,Office Furnishings
3620,Order Finished,Mitch Willingham,2009-09-23,32,3858380,0.04,154335,Office Supplies,Appliances
3622,Order Finished,Toby Grace,2012-06-28,32,13784140,0.05,689207,Office Supplies,Binders & Binder Accessories
3624,Order Returned,Neoma Murray,2012-10-06,34,11037063,0.1,1103706,Technology,Telephones & Communication
3626,Order Returned,Peter Fuller,2012-01-13,31,326540,0.04,13062,Office Supplies,Binders & Binder Accessories
3627,Order Finished,Julia Dunbar,2010-10-08,6,1668431,0.02,33369,Technology,Telephones & Communication
3628,Order Finished,Mitch Willingham,2012-07-13,50,27869060,0.1,2786906,Technology,Copiers & Fax
3630,Order Finished,Toby Grace,2012-09-24,33,7342283,0.02,146846,Technology,Telephones & Communication
3631,Order Finished,Nick Zandusky,2010-08-27,31,10891984,0.08,871359,Furniture,Tables
3633,Order Finished,Rick Hansen,2011-03-27,41,272900,0.1,27290,Office Supplies,Binders & Binder Accessories
3634,Order Returned,Maya Herman,2012-02-26,18,407140,0.01,4071,Office Supplies,Appliances
3635,Order Finished,Susan Gilcrest,2010-01-08,42,575500,0.02,11510,Office Supplies,Paper
3637,Order Finished,William Brown,2012-10-07,5,72860,0.04,2914,Office Supplies,Paper
3638,Order Finished,William Brown,2010-05-21,35,4346520,0.0,0,Furniture,Bookcases
3639,Order Finished,Rick Hansen,2009-06-13,9,3217740,0.07,225242,Office Supplies,Appliances
3640,Order Finished,Maya Herman,2012-08-12,36,323120,0.0,0,Office Supplies,Labels
3642,Order Finished,Sung Chung,2009-09-20,41,258980,0.04,10359,Office Supplies,Labels
3644,Order Finished,Brian Moss,2009-10-18,24,2823160,0.01,28232,Office Supplies,Paper
3645,Order Finished,Max Ludwig,2011-01-04,20,338360,0.09,30452,Office Supplies,Appliances
3647,Order Finished,Michelle Moray,2009-03-14,36,14447180,0.07,1011303,Furniture,Chairs & Chairmats
3648,Order Finished,Eva Jacobs,2012-04-13,24,2614000,0.02,52280,Office Supplies,Appliances
3649,Order Finished,Eva Jacobs,2012-01-03,26,4708300,0.03,141249,Technology,Office Machines
3650,Order Finished,Craig Rider,2011-03-16,50,3116360,0.0,0,Office Supplies,Paper
3652,Order Finished,Michelle Moray,2010-08-04,44,2745891,0.0,0,Technology,Telephones & Communication
3654,Order Finished,Maribeth Yedwab,2011-01-09,8,763380,0.04,30535,Furniture,Office Furnishings
3659,Order Finished,Darrin Van Huff,2009-12-17,27,142780,0.09,12850,Office Supplies,Pens & Art Supplies
3661,Order Finished,Michelle Moray,2009-11-20,20,6600432,0.1,660043,Furniture,Tables
3662,Order Finished,Maribeth Yedwab,2010-04-22,38,502600,0.1,50260,Office Supplies,Binders & Binder Accessories
3664,Order Finished,Liz Price,2009-01-12,10,802280,0.1,80228,Technology,Computer Peripherals
3665,Order Finished,Brian Moss,2009-02-23,19,934800,0.01,9348,Office Supplies,Storage & Organization
3667,Order Finished,Michelle Moray,2010-03-21,12,1419080,0.07,99336,Office Supplies,Appliances
3670,Order Finished,Max Ludwig,2010-01-29,17,1468500,0.08,117480,Office Supplies,Appliances
3671,Order Finished,Brian Moss,2011-05-07,8,1482980,0.08,118638,Office Supplies,Storage & Organization
3674,Order Finished,Maribeth Yedwab,2010-07-19,45,250420,0.01,2504,Office Supplies,Rubber Bands
3676,Order Finished,Mark Van Huff,2011-08-30,19,338800,0.1,33880,Furniture,Office Furnishings
3678,Order Finished,Darrin Van Huff,2012-03-28,12,133660,0.02,2673,Office Supplies,Paper
3681,Order Finished,Mark Hamilton,2011-12-12,22,729380,0.06,43763,Office Supplies,Storage & Organization
3684,Order Finished,Brian Moss,2010-08-17,39,1092800,0.1,109280,Office Supplies,Storage & Organization
3691,Order Finished,Cindy Schnelling,2011-04-20,24,135680,0.07,9498,Office Supplies,Labels
3693,Order Finished,Stefania Perrino,2009-08-03,6,55780,0.08,4462,Office Supplies,Binders & Binder Accessories
3694,Order Finished,Mark Van Huff,2009-12-15,27,86920,0.0,0,Office Supplies,Rubber Bands
3695,Order Finished,Stefania Perrino,2009-05-17,30,7150460,0.04,286018,Furniture,Chairs & Chairmats
3698,Order Finished,Tom Stivers,2009-05-07,48,266080,0.07,18626,Office Supplies,Binders & Binder Accessories
3699,Order Finished,Richard Eichhorn,2012-12-23,10,1108420,0.05,55421,Technology,Computer Peripherals
3702,Order Finished,Sung Shariari,2010-11-09,24,1751040,0.09,157594,Furniture,Office Furnishings
3705,Order Finished,Suzanne Mc Nair,2011-01-31,15,3732240,0.07,261257,Office Supplies,Appliances
3708,Order Finished,Suzanne Mc Nair,2010-11-30,31,149500,0.06,8970,Office Supplies,Pens & Art Supplies
3711,Order Finished,Sung Shariari,2012-02-19,32,2973440,0.0,0,Office Supplies,Pens & Art Supplies
3712,Order Finished,Andy Reiter,2012-08-08,2,55660,0.09,5009,Office Supplies,Storage & Organization
3713,Order Finished,Richard Eichhorn,2011-08-26,42,5014960,0.04,200598,Office Supplies,Appliances
3716,Order Finished,Sung Shariari,2009-11-17,20,1352880,0.07,94702,Office Supplies,Binders & Binder Accessories
3718,Order Finished,Rob Beeghly,2009-03-12,46,10148140,0.0,0,Furniture,Bookcases
3721,Order Finished,Neil French,2011-04-23,24,446400,0.1,44640,Office Supplies,Envelopes
3722,Order Finished,Nick Crebassa,2012-02-16,37,203800,0.0,0,Office Supplies,Labels
3723,Order Finished,Susan Pistek,2011-02-01,4,26840,0.03,805,Office Supplies,Labels
3725,Order Finished,Rob Beeghly,2011-11-28,23,277420,0.09,24968,Furniture,Office Furnishings
3731,Order Finished,Richard Eichhorn,2012-04-06,46,13460140,0.05,673007,Furniture,Bookcases
3732,Order Returned,Aleksandra Gannaway,2010-11-22,33,1106683,0.08,88535,Technology,Telephones & Communication
3733,Order Finished,Nick Crebassa,2012-05-10,22,305040,0.03,9151,Office Supplies,Paper
3734,Order Finished,Sung Shariari,2012-07-03,34,87080,0.0,0,Office Supplies,Rubber Bands
3735,Order Finished,Susan Pistek,2011-12-09,50,660540,0.07,46238,Office Supplies,Paper
3736,Order Finished,Neil French,2011-12-26,3,896733,0.03,26902,Technology,Telephones & Communication
3737,Order Returned,Nick Crebassa,2012-07-10,49,1683020,0.05,84151,Office Supplies,Storage & Organization
3741,Order Finished,Rob Beeghly,2010-08-16,38,975960,0.01,9760,Office Supplies,Binders & Binder Accessories
3742,Order Returned,Nick Crebassa,2010-10-29,45,509840,0.1,50984,Office Supplies,Paper
3747,Order Finished,Neil French,2009-05-11,11,57260,0.09,5153,Furniture,Office Furnishings
3748,Order Finished,Suzanne Mc Nair,2012-09-05,7,2678048,0.03,80341,Furniture,Tables
3749,Order Finished,Robert Waldorf,2009-01-05,23,1450860,0.0,0,Office Supplies,Paper
3756,Order Finished,Joel Eaton,2010-12-26,34,1072500,0.06,64350,Office Supplies,Binders & Binder Accessories
3757,Order Finished,Justin Ellison,2011-10-15,13,379980,0.03,11399,Office Supplies,Binders & Binder Accessories
3758,Order Finished,Jennifer Jackson,2009-01-15,25,402120,0.08,32170,Furniture,Office Furnishings
3759,Order Finished,Michael Oakman,2011-10-04,46,918520,0.08,73482,Office Supplies,"Scissors, Rulers & Trimmers"
3761,Order Finished,Michael Oakman,2012-01-18,5,1802748,0.01,18027,Technology,Telephones & Communication
3762,Order Finished,Jennifer Jackson,2009-10-15,19,1027000,0.02,20540,Office Supplies,Pens & Art Supplies
3765,Order Returned,Justin Ellison,2010-02-10,1,11260,0.03,338,Office Supplies,Rubber Bands
3766,Order Finished,Jennifer Jackson,2011-05-21,7,379460,0.01,3795,Office Supplies,Binders & Binder Accessories
3769,Order Returned,Carl Weiss,2009-03-04,14,7901200,0.02,158024,Furniture,Chairs & Chairmats
3770,Order Returned,Jack O'Briant,2010-05-30,12,508240,0.06,30494,Technology,Computer Peripherals
3772,Order Finished,Jennifer Jackson,2012-12-29,46,3872900,0.1,387290,Technology,Computer Peripherals
3773,Order Finished,Justin Ellison,2012-04-28,7,5578060,0.05,278903,Furniture,Tables
3774,Order Finished,Jack O'Briant,2012-10-24,10,807760,0.07,56543,Technology,Computer Peripherals
3776,Order Finished,Carl Weiss,2009-10-01,35,4666120,0.08,373290,Office Supplies,Binders & Binder Accessories
3778,Order Finished,Joel Eaton,2010-07-18,2,1111360,0.01,11114,Furniture,Chairs & Chairmats
3782,Order Returned,Kristen Hastings,2010-11-24,28,1763002,0.02,35260,Technology,Telephones & Communication
3785,Order Finished,Joel Eaton,2009-01-17,13,392440,0.05,19622,Office Supplies,Appliances
3786,Order Finished,Carl Weiss,2010-03-13,42,1341300,0.08,107304,Office Supplies,Pens & Art Supplies
3788,Order Finished,Jennifer Jackson,2009-08-10,14,179860,0.03,5396,Technology,Computer Peripherals
3794,Order Finished,Jack O'Briant,2012-10-18,1,26900,0.0,0,Office Supplies,Binders & Binder Accessories
3796,Order Finished,Jack O'Briant,2011-01-08,29,2999055,0.09,269915,Technology,Telephones & Communication
3797,Order Finished,Jack O'Briant,2009-08-13,15,3835220,0.03,115057,Furniture,Tables
3800,Order Finished,Meg Tillman,2012-07-15,50,344460,0.02,6889,Office Supplies,Rubber Bands
3801,Order Finished,Jack O'Briant,2009-05-18,41,941480,0.04,37659,Office Supplies,Appliances
3802,Order Finished,Justin Ellison,2012-01-08,30,365840,0.06,21950,Office Supplies,Appliances
3805,Order Finished,Liz Pelletier,2011-07-15,15,281120,0.04,11245,Technology,Computer Peripherals
3808,Order Returned,Janet Lee,2011-05-18,44,1046840,0.06,62810,Office Supplies,Binders & Binder Accessories
3809,Order Finished,Rick Wilson,2010-07-16,47,1245640,0.0,0,Furniture,Office Furnishings
3812,Order Finished,Liz Carlisle,2010-12-20,7,71160,0.04,2846,Office Supplies,Envelopes
3813,Order Finished,Neil Knudson,2010-05-20,31,306560,0.05,15328,Office Supplies,Labels
3816,Order Finished,Maxwell Schwartz,2009-09-24,44,6043280,0.07,423030,Furniture,Chairs & Chairmats
3820,Order Finished,Jonathan Doherty,2009-12-14,23,1698920,0.04,67957,Office Supplies,Paper
3824,Order Finished,Neil Knudson,2012-03-23,50,5593340,0.01,55933,Office Supplies,Storage & Organization
3825,Order Returned,Dennis Pardue,2012-01-19,31,708900,0.01,7089,Office Supplies,Appliances
3827,Order Finished,Jonathan Doherty,2012-10-11,3,63900,0.1,6390,Office Supplies,Binders & Binder Accessories
3828,Order Finished,Liz Carlisle,2011-06-23,10,1534680,0.04,61387,Technology,Computer Peripherals
3829,Order Finished,Dennis Pardue,2011-04-20,40,11108072,0.09,999726,Technology,Telephones & Communication
3831,Order Finished,Maxwell Schwartz,2011-03-01,19,6710308,0.0,0,Technology,Telephones & Communication
3834,Order Finished,Mary Beth Skach,2012-08-01,34,360540,0.01,3605,Furniture,Office Furnishings
3835,Order Finished,Mary Beth Skach,2012-06-14,22,527260,0.03,15818,Office Supplies,Pens & Art Supplies
3836,Order Returned,Dennis Pardue,2011-05-08,35,2157160,0.03,64715,Technology,Computer Peripherals
3838,Order Returned,Denise Monton,2011-05-17,34,5558400,0.02,111168,Technology,Computer Peripherals
3839,Order Finished,Rick Wilson,2009-02-11,48,16951924,0.05,847596,Technology,Telephones & Communication
3840,Order Finished,John Huston,2012-05-11,27,313640,0.03,9409,Office Supplies,"Scissors, Rulers & Trimmers"
3843,Order Finished,Rick Wilson,2010-08-14,28,202500,0.05,10125,Office Supplies,Labels
3844,Order Finished,Neil Knudson,2012-05-07,1,57460,0.0,0,Technology,Computer Peripherals
3846,Order Returned,Anthony Garverick,2010-09-22,46,5321221,0.03,159637,Technology,Telephones & Communication
3849,Order Finished,Rick Wilson,2011-01-13,41,2542095,0.0,0,Technology,Telephones & Communication
3850,Order Finished,Denise Monton,2009-09-18,30,2788720,0.0,0,Office Supplies,Pens & Art Supplies
3851,Order Finished,Janet Lee,2011-05-04,25,751480,0.05,37574,Office Supplies,Appliances
3852,Order Finished,Maxwell Schwartz,2010-08-04,6,249300,0.01,2493,Office Supplies,Paper
3853,Order Finished,Rick Wilson,2010-11-03,14,7661680,0.1,766168,Office Supplies,Appliances
3855,Order Finished,Lycoris Saunders,2011-07-03,45,593640,0.07,41555,Office Supplies,Paper
3860,Order Finished,Mary Beth Skach,2011-11-07,9,299280,0.05,14964,Office Supplies,Binders & Binder Accessories
3861,Order Finished,Rick Wilson,2012-09-22,33,1140480,0.01,11405,Technology,Office Machines
3862,Order Finished,Liz Carlisle,2009-09-27,27,517080,0.1,51708,Office Supplies,Pens & Art Supplies
3863,Order Finished,Lindsay Castell,2011-10-26,28,151480,0.1,15148,Office Supplies,Labels
3867,Order Finished,Lindsay Castell,2012-05-22,47,126940,0.0,0,Office Supplies,Rubber Bands
3868,Order Finished,Lycoris Saunders,2012-12-28,26,1120060,0.04,44802,Office Supplies,Appliances
3870,Order Finished,Liz Pelletier,2011-10-12,33,557300,0.05,27865,Technology,Computer Peripherals
3871,Order Finished,Maxwell Schwartz,2011-07-22,43,1733460,0.1,173346,Technology,Computer Peripherals
3873,Order Finished,Craig Carreira,2012-05-21,8,82686420,0.09,7441778,Technology,Office Machines
3874,Order Finished,Paul Stevenson,2011-05-10,6,546760,0.06,32806,Technology,Computer Peripherals
3875,Order Finished,Paul Stevenson,2010-06-01,2,27000,0.04,1080,Office Supplies,Pens & Art Supplies
3876,Order Finished,Kelly Collister,2011-07-27,35,538700,0.07,37709,Furniture,Office Furnishings
3880,Order Finished,Lycoris Saunders,2012-09-09,49,349620,0.07,24473,Office Supplies,Labels
3883,Order Finished,Jonathan Doherty,2012-10-08,27,16426740,0.02,328535,Furniture,Chairs & Chairmats
3885,Order Finished,Lycoris Saunders,2010-10-12,3,23520,0.1,2352,Office Supplies,Labels
3886,Order Finished,Paul Stevenson,2010-03-27,29,396860,0.01,3969,Office Supplies,Paper
3887,Order Finished,Dennis Pardue,2010-01-02,42,1513459,0.07,105942,Technology,Telephones & Communication
3890,Order Finished,Neil Knudson,2009-05-10,23,1507500,0.1,150750,Office Supplies,Pens & Art Supplies
3891,Order Finished,Frank Gastineau,2011-01-09,50,1678140,0.06,100688,Office Supplies,Binders & Binder Accessories
3893,Order Finished,Mary Beth Skach,2009-08-14,47,10588960,0.03,317669,Furniture,Office Furnishings
3894,Order Finished,Jonathan Doherty,2009-06-23,21,2261612,0.04,90464,Technology,Telephones & Communication
3897,Order Finished,Jeremy Lonsdale,2009-05-09,41,515320,0.05,25766,Technology,Computer Peripherals
3903,Order Finished,Jonathan Doherty,2012-09-14,40,3421300,0.01,34213,Office Supplies,Binders & Binder Accessories
3904,Order Finished,Kelly Collister,2010-03-09,11,171240,0.07,11987,Office Supplies,Paper
3905,Order Finished,Jeremy Lonsdale,2011-02-13,19,10882120,0.06,652927,Furniture,Tables
3906,Order Finished,Jeremy Lonsdale,2010-04-25,40,140900,0.1,14090,Office Supplies,Pens & Art Supplies
3907,Order Finished,Bill Eplett,2009-12-18,8,258360,0.04,10334,Technology,Computer Peripherals
3908,Order Finished,Denise Monton,2010-08-02,40,765300,0.03,22959,Office Supplies,Paper
3909,Order Finished,Jeremy Lonsdale,2010-04-15,40,491640,0.08,39331,Office Supplies,Paper
3911,Order Finished,Denise Monton,2009-06-12,3,68460,0.02,1369,Office Supplies,Paper
3912,Order Finished,Paul Stevenson,2012-06-13,47,15295940,0.05,764797,Office Supplies,Storage & Organization
3913,Order Finished,Denise Monton,2011-10-01,3,89680,0.09,8071,Furniture,Office Furnishings
3914,Order Returned,Denise Monton,2009-10-08,42,3008020,0.05,150401,Office Supplies,Envelopes
3915,Order Finished,Jonathan Doherty,2010-01-31,22,1775960,0.04,71038,Office Supplies,Envelopes
3916,Order Finished,Ionia Mc Grath,2010-09-09,19,940780,0.08,75262,Technology,Computer Peripherals
3917,Order Finished,Jonathan Doherty,2011-12-16,42,624100,0.04,24964,Office Supplies,Binders & Binder Accessories
3919,Order Finished,Maxwell Schwartz,2012-08-04,23,183880,0.01,1839,Office Supplies,Rubber Bands
3921,Order Returned,Jonathan Doherty,2012-07-29,3,225580,0.06,13535,Office Supplies,Storage & Organization
3923,Order Finished,Dennis Pardue,2011-12-25,41,341640,0.0,0,Office Supplies,Labels
3924,Order Finished,Emily Grady,2012-11-28,36,164180,0.02,3284,Office Supplies,Pens & Art Supplies
3926,Order Finished,Greg Hansen,2010-10-03,36,127060,0.1,12706,Office Supplies,Rubber Bands
3934,Order Returned,Maxwell Schwartz,2009-03-09,35,570020,0.01,5700,Office Supplies,Envelopes
3935,Order Finished,Denise Monton,2011-03-08,12,277340,0.08,22187,Office Supplies,Binders & Binder Accessories
3936,Order Finished,Ionia Mc Grath,2010-06-09,43,1359300,0.0,0,Office Supplies,Binders & Binder Accessories
3937,Order Finished,Valerie Takahito,2012-01-12,43,825240,0.08,66019,Office Supplies,Envelopes
3939,Order Finished,Luke Schmidt,2010-01-15,10,149740,0.02,2995,Office Supplies,Paper
3942,Order Finished,Craig Leslie,2010-05-14,24,263300,0.01,2633,Office Supplies,Labels
3943,Order Returned,Valerie Takahito,2011-12-08,23,1500780,0.04,60031,Office Supplies,Binders & Binder Accessories
3947,Order Returned,Laurel Beltran,2009-05-07,19,667360,0.01,6674,Technology,Computer Peripherals
3948,Order Finished,Laurel Beltran,2009-01-25,15,3064964,0.1,306496,Technology,Telephones & Communication
3950,Order Finished,Craig Leslie,2009-01-06,23,7348160,0.01,73482,Furniture,Chairs & Chairmats
3951,Order Finished,Tracy Blumstein,2009-04-06,17,3113220,0.06,186793,Office Supplies,Storage & Organization
3952,Order Finished,Luke Schmidt,2011-02-26,20,1725280,0.08,138022,Office Supplies,Binders & Binder Accessories
3953,Order Finished,Kelly Andreada,2012-10-15,43,4247280,0.03,127418,Office Supplies,Paper
3954,Order Finished,Michael Grace,2011-05-08,46,5937320,0.07,415612,Furniture,Office Furnishings
3957,Order Finished,Kelly Andreada,2010-05-04,32,405780,0.07,28405,Office Supplies,Paper
3958,Order Finished,Michael Grace,2012-11-08,26,904780,0.08,72382,Office Supplies,Appliances
3960,Order Finished,Larry Blacks,2012-04-28,9,147400,0.06,8844,Furniture,Office Furnishings
3962,Order Finished,Tracy Blumstein,2012-02-17,15,3233320,0.0,0,Furniture,Bookcases
3963,Order Finished,Michael Grace,2009-02-04,46,474300,0.0,0,Office Supplies,Labels
3964,Order Finished,Kelly Andreada,2009-02-06,30,13178608,0.02,263572,Furniture,Tables
3968,Order Finished,Saphhira Shifley,2012-10-09,37,461940,0.08,36955,Office Supplies,Paper
3972,Order Finished,Tracy Blumstein,2011-09-03,4,49540,0.1,4954,Office Supplies,Binders & Binder Accessories
3973,Order Finished,Tracy Blumstein,2010-03-28,25,200680,0.0,0,Office Supplies,Binders & Binder Accessories
3974,Order Finished,Kelly Andreada,2012-05-20,7,326280,0.07,22840,Office Supplies,Pens & Art Supplies
3975,Order Finished,Larry Blacks,2012-11-24,7,85320,0.09,7679,Office Supplies,Appliances
3976,Order Returned,Luke Schmidt,2010-10-26,31,374360,0.09,33692,Office Supplies,Pens & Art Supplies
3977,Order Returned,Luke Schmidt,2010-12-22,14,101600,0.09,9144,Office Supplies,Labels
3978,Order Finished,Luke Schmidt,2012-07-24,17,135460,0.1,13546,Office Supplies,Pens & Art Supplies
3983,Order Finished,Luke Schmidt,2011-02-12,30,1326480,0.01,13265,Office Supplies,Appliances
3986,Order Finished,Harold Dahlen,2010-02-27,30,34069840,0.09,3066286,Technology,Copiers & Fax
3988,Order Finished,Kelly Andreada,2012-01-09,11,2495719,0.01,24957,Technology,Telephones & Communication
3989,Order Finished,Meg Tillman,2010-09-18,22,7520613,0.05,376031,Technology,Telephones & Communication
3990,Order Finished,Larry Blacks,2009-11-16,45,637880,0.1,63788,Technology,Computer Peripherals
3991,Order Finished,Harold Dahlen,2009-04-05,15,2187271,0.05,109364,Technology,Telephones & Communication
3992,Order Finished,Michael Grace,2011-02-26,18,651160,0.06,39070,Furniture,Office Furnishings
3996,Order Finished,Luke Schmidt,2009-11-22,20,1264100,0.09,113769,Office Supplies,Storage & Organization
3997,Order Finished,Tiffany House,2010-07-28,12,1201720,0.09,108155,Technology,Computer Peripherals
3998,Order Finished,Saphhira Shifley,2009-11-26,49,552600,0.02,11052,Office Supplies,Binders & Binder Accessories
3999,Order Finished,Harold Dahlen,2011-12-19,31,5786620,0.1,578662,Technology,Office Machines
4001,Order Finished,Roy Collins,2012-05-07,3,923780,0.05,46189,Technology,Office Machines
4004,Order Finished,Sarah Brown,2010-05-10,38,1935560,0.04,77422,Office Supplies,Binders & Binder Accessories
4005,Order Finished,Christina Anderson,2009-04-18,23,6082660,0.02,121653,Furniture,Chairs & Chairmats
4006,Order Finished,Roy Collins,2010-03-10,49,628420,0.0,0,Office Supplies,Paper
4007,Order Finished,Robert Dilbeck,2011-06-08,48,2695260,0.07,188668,Technology,Computer Peripherals
4008,Order Finished,Randy Ferguson,2011-06-06,8,240440,0.07,16831,Furniture,Office Furnishings
4012,Order Finished,Arianne Irving,2012-01-13,35,473980,0.06,28439,Office Supplies,Paper
4013,Order Finished,Cynthia Arntzen,2012-11-26,35,179420,0.04,7177,Office Supplies,Rubber Bands
4014,Order Finished,Andy Gerbode,2011-02-13,28,3407701,0.0,0,Technology,Telephones & Communication
4019,Order Finished,Toby Swindell,2009-04-01,9,1133060,0.06,67984,Furniture,Chairs & Chairmats
4022,Order Returned,Toby Swindell,2010-02-04,45,542120,0.0,0,Office Supplies,Binders & Binder Accessories
4025,Order Finished,Randy Ferguson,2009-05-01,28,298000,0.06,17880,Office Supplies,Paper
4026,Order Finished,Brian Dahlen,2010-02-11,17,908180,0.1,90818,Office Supplies,Pens & Art Supplies
4027,Order Returned,Trudy Brown,2009-10-27,39,248020,0.08,19842,Office Supplies,Pens & Art Supplies
4031,Order Finished,Toby Swindell,2012-02-11,44,5015580,0.08,401246,Furniture,Bookcases
4032,Order Finished,Andy Gerbode,2010-09-26,37,202400,0.1,20240,Office Supplies,Labels
4036,Order Finished,Amy Hunt,2009-04-20,20,224840,0.09,20236,Office Supplies,Envelopes
4039,Order Finished,Brian Dahlen,2012-04-08,32,3865940,0.08,309275,Furniture,Chairs & Chairmats
4040,Order Finished,Andy Gerbode,2009-01-11,19,13983300,0.08,1118664,Technology,Office Machines
4041,Order Finished,Christina Anderson,2009-01-16,37,1664280,0.04,66571,Furniture,Office Furnishings
4043,Order Finished,Amy Hunt,2009-01-15,9,49520,0.09,4457,Office Supplies,Pens & Art Supplies
4046,Order Returned,Cynthia Arntzen,2010-07-18,14,851340,0.03,25540,Office Supplies,Binders & Binder Accessories
4047,Order Finished,Amy Hunt,2011-02-01,44,7289192,0.06,437352,Technology,Telephones & Communication
4049,Order Finished,Toby Swindell,2010-05-10,32,206960,0.03,6209,Office Supplies,Paper
4050,Order Finished,Trudy Brown,2011-04-15,46,1325020,0.09,119252,Office Supplies,Envelopes
4051,Order Finished,Beth Fritzler,2010-03-11,36,3122441,0.09,281020,Technology,Telephones & Communication
4057,Order Finished,Roy Collins,2009-04-09,11,1970020,0.04,78801,Office Supplies,Envelopes
4058,Order Finished,Craig Molinari,2011-07-13,36,440900,0.1,44090,Office Supplies,Labels
4059,Order Returned,Amy Hunt,2009-04-19,30,5008820,0.01,50088,Furniture,Office Furnishings
4061,Order Finished,Roy Collins,2011-07-26,32,3570040,0.04,142802,Technology,Computer Peripherals
4063,Order Finished,Amy Hunt,2012-03-21,22,1926900,0.05,96345,Technology,Computer Peripherals
4064,Order Finished,Arianne Irving,2011-05-19,44,246120,0.07,17228,Office Supplies,Pens & Art Supplies
4069,Order Finished,Amy Hunt,2011-04-23,45,651600,0.03,19548,Office Supplies,Paper
4070,Order Finished,Randy Ferguson,2012-05-22,45,5697660,0.07,398836,Office Supplies,Storage & Organization
4071,Order Finished,Jennifer Ferguson,2009-11-28,20,1670960,0.06,100258,Office Supplies,Storage & Organization
4072,Order Finished,Brosina Hoffman,2010-08-21,24,6402320,0.06,384139,Furniture,Chairs & Chairmats
4075,Order Returned,Amy Hunt,2011-10-13,26,483840,0.1,48384,Office Supplies,Paper
4076,Order Returned,Craig Molinari,2010-05-04,4,105180,0.05,5259,Office Supplies,Storage & Organization
4078,Order Returned,Toby Swindell,2009-12-28,27,1151480,0.06,69089,Technology,Computer Peripherals
4079,Order Finished,Arianne Irving,2010-04-22,20,1173238,0.06,70394,Technology,Telephones & Communication
4080,Order Finished,Amy Hunt,2012-07-17,47,1115040,0.03,33451,Office Supplies,Pens & Art Supplies
4081,Order Finished,Roy Collins,2009-12-06,15,403480,0.08,32278,Office Supplies,Binders & Binder Accessories
4082,Order Finished,Robert Dilbeck,2009-02-07,46,2797740,0.07,195842,Office Supplies,Binders & Binder Accessories
4084,Order Finished,Andy Gerbode,2011-12-17,35,346440,0.04,13858,Office Supplies,Labels
4086,Order Finished,Roy Collins,2012-07-08,6,403660,0.02,8073,Office Supplies,Paper
4088,Order Finished,Toby Carlisle,2011-10-15,43,688480,0.09,61963,Technology,Computer Peripherals
4091,Order Finished,Amy Hunt,2012-08-28,46,1958880,0.01,19589,Office Supplies,Paper
4092,Order Finished,Paul Prost,2009-09-23,29,1150720,0.1,115072,Office Supplies,Appliances
4093,Order Finished,Amy Hunt,2011-09-04,21,15845380,0.1,1584538,Office Supplies,Storage & Organization
4094,Order Finished,Philip Fox,2010-01-19,1,311020,0.07,21771,Office Supplies,Storage & Organization
4095,Order Finished,Anthony Witt,2012-10-18,32,634120,0.05,31706,Office Supplies,Paper
4097,Order Returned,Brian Dahlen,2011-05-20,32,256280,0.1,25628,Office Supplies,Binders & Binder Accessories
4099,Order Finished,Craig Molinari,2012-06-05,38,29506160,0.01,295062,Office Supplies,Storage & Organization
4100,Order Finished,Roy Collins,2011-07-29,44,8652540,0.09,778729,Technology,Computer Peripherals
4102,Order Finished,Randy Ferguson,2011-10-28,11,944240,0.03,28327,Technology,Computer Peripherals
4103,Order Finished,Toby Carlisle,2010-10-02,6,385980,0.07,27019,Technology,Computer Peripherals
4106,Order Finished,Arianne Irving,2011-12-18,1,21180,0.1,2118,Office Supplies,Paper
4107,Order Returned,Phillina Ober,2009-12-16,22,1844780,0.03,55343,Furniture,Office Furnishings
4108,Order Finished,Jim Epp,2010-04-25,3,938876,0.07,65721,Technology,Telephones & Communication
4112,Order Finished,Deanra Eno,2010-11-14,12,7505220,0.01,75052,Office Supplies,Appliances
4113,Order Returned,James Galang,2009-06-01,16,88920,0.06,5335,Office Supplies,Labels
4115,Order Finished,Nora Price,2012-09-18,29,394820,0.06,23689,Office Supplies,Paper
4116,Order Finished,Lisa De Cherney,2009-12-21,41,1255820,0.03,37675,Technology,Computer Peripherals
4121,Order Finished,Lynn Smith,2010-02-20,16,97140,0.04,3886,Office Supplies,Pens & Art Supplies
4124,Order Finished,Katrina Willman,2010-01-29,49,6567480,0.01,65675,Office Supplies,Binders & Binder Accessories
4125,Order Finished,Muhammed Yedwab,2012-08-28,19,524640,0.07,36725,Office Supplies,Binders & Binder Accessories
4128,Order Finished,Nora Price,2012-04-01,4,103880,0.03,3116,Technology,Computer Peripherals
4130,Order Finished,Christine Abelman,2009-04-22,18,584220,0.04,23369,Office Supplies,Storage & Organization
4131,Order Finished,Maribeth Dona,2012-05-01,47,15781780,0.01,157818,Office Supplies,Storage & Organization
4132,Order Finished,Pauline Johnson,2010-02-04,44,5547680,0.0,0,Furniture,Bookcases
4135,Order Finished,Muhammed Yedwab,2011-06-30,14,270420,0.04,10817,Office Supplies,Paper
4138,Order Finished,Georgia Rosenberg,2010-04-03,31,5424140,0.09,488173,Office Supplies,Storage & Organization
4140,Order Finished,Allen Armold,2009-10-09,25,1802640,0.1,180264,Office Supplies,Paper
4144,Order Finished,Nora Price,2011-04-20,44,605180,0.05,30259,Office Supplies,Paper
4146,Order Finished,Tracy Collins,2012-05-25,1,31460,0.09,2831,Office Supplies,Paper
4148,Order Finished,Katherine Hughes,2009-01-29,14,2245275,0.09,202075,Technology,Telephones & Communication
4151,Order Finished,Muhammed Yedwab,2011-02-05,4,163560,0.07,11449,Office Supplies,Paper
4156,Order Finished,Tracy Collins,2011-09-19,37,2066880,0.1,206688,Office Supplies,Paper
4157,Order Finished,Lynn Smith,2009-10-29,30,5903400,0.02,118068,Furniture,Chairs & Chairmats
4160,Order Finished,Nora Price,2012-06-04,7,173220,0.1,17322,Office Supplies,Binders & Binder Accessories
4161,Order Finished,Jim Epp,2009-04-24,38,2793160,0.03,83795,Technology,Computer Peripherals
4163,Order Finished,Muhammed Yedwab,2009-07-10,38,43912060,0.1,4391206,Technology,Copiers & Fax
4164,Order Finished,Muhammed Yedwab,2010-03-26,5,129940,0.1,12994,Office Supplies,Appliances
4165,Order Finished,Anemone Ratner,2010-02-26,44,1338020,0.08,107042,Office Supplies,Envelopes
4170,Order Finished,Richard Bierner,2010-09-23,20,2970120,0.04,118805,Furniture,Bookcases
4171,Order Finished,Pauline Johnson,2010-02-08,37,957880,0.04,38315,Office Supplies,Binders & Binder Accessories
4173,Order Finished,Jim Epp,2012-08-01,41,9297280,0.04,371891,Technology,Computer Peripherals
4174,Order Finished,Richard Bierner,2011-05-12,15,809080,0.03,24272,Furniture,Chairs & Chairmats
4175,Order Finished,Liz Mac Kendrick,2009-12-26,48,29134300,0.04,1165372,Furniture,Chairs & Chairmats
4181,Order Finished,Liz Mac Kendrick,2012-07-02,44,6608760,0.0,0,Furniture,Office Furnishings
4182,Order Finished,Maribeth Dona,2009-06-13,33,1103340,0.08,88267,Office Supplies,Storage & Organization
4186,Order Finished,Nora Price,2012-12-16,6,519040,0.06,31142,Office Supplies,Binders & Binder Accessories
4187,Order Finished,Nora Price,2011-07-02,24,218460,0.02,4369,Office Supplies,Binders & Binder Accessories
4193,Order Finished,Nora Price,2010-12-25,4,229140,0.02,4583,Office Supplies,Binders & Binder Accessories
4194,Order Finished,Richard Bierner,2012-06-20,18,2124439,0.03,63733,Technology,Telephones & Communication
4196,Order Finished,Jim Epp,2012-01-30,23,6388100,0.08,511048,Office Supplies,Storage & Organization
4197,Order Finished,Katherine Hughes,2011-09-28,46,176200,0.03,5286,Furniture,Office Furnishings
4200,Order Finished,Laurel Elliston,2011-06-22,16,9382540,0.05,469127,Office Supplies,Appliances
4201,Order Finished,Aleksandra Gannaway,2009-09-01,41,554149,0.03,16624,Technology,Telephones & Communication
4203,Order Finished,Jim Epp,2012-12-30,45,1161920,0.08,92954,Furniture,Office Furnishings
4211,Order Returned,Jim Epp,2009-06-07,7,4322720,0.02,86454,Furniture,Chairs & Chairmats
4212,Order Finished,Lisa De Cherney,2011-09-06,11,129720,0.0,0,Office Supplies,Paper
4216,Order Finished,Jim Epp,2012-04-13,4,61780,0.06,3707,Office Supplies,Paper
4219,Order Finished,Nora Price,2009-10-19,2,43420,0.07,3039,Office Supplies,Paper
4220,Order Finished,Laurel Elliston,2010-10-18,3,249500,0.06,14970,Technology,Computer Peripherals
4223,Order Finished,Georgia Rosenberg,2009-06-30,29,649500,0.07,45465,Office Supplies,Storage & Organization
4227,Order Finished,Nora Price,2012-09-15,20,6101620,0.01,61016,Furniture,Bookcases
4228,Order Finished,Liz Mac Kendrick,2010-06-20,31,489800,0.08,39184,Technology,Computer Peripherals
4230,Order Returned,James Galang,2009-04-15,41,1996100,0.01,19961,Technology,Computer Peripherals
4231,Order Returned,Phillip Breyer,2011-09-12,39,210140,0.08,16811,Office Supplies,Pens & Art Supplies
4232,Order Finished,Lynn Smith,2011-04-25,40,1260760,0.02,25215,Office Supplies,Appliances
4233,Order Returned,Katherine Hughes,2012-06-18,15,35540,0.05,1777,Technology,Computer Peripherals
4236,Order Finished,Ed Braxton,2011-08-21,28,284360,0.07,19905,Office Supplies,Paper
4244,Order Finished,Cindy Chapman,2009-07-17,42,9986840,0.03,299605,Technology,Office Machines
4245,Order Finished,Cindy Stewart,2009-09-11,1,35180,0.06,2111,Office Supplies,Labels
4246,Order Finished,Ed Braxton,2012-02-18,38,598020,0.09,53822,Office Supplies,Storage & Organization
4247,Order Finished,Ed Braxton,2012-07-08,39,440180,0.04,17607,Office Supplies,Appliances
4248,Order Finished,Cindy Stewart,2012-08-30,27,2857280,0.09,257155,Office Supplies,Paper
4249,Order Finished,Quincy Jones,2010-04-11,40,625260,0.01,6253,Office Supplies,Labels
4252,Order Finished,Bruce Degenhardt,2009-07-17,42,164060,0.0,0,Office Supplies,Binders & Binder Accessories
4253,Order Finished,Quincy Jones,2012-10-27,7,12725880,0.1,1272588,Technology,Office Machines
4254,Order Returned,Rob Williams,2009-06-28,39,1478560,0.0,0,Office Supplies,Appliances
4255,Order Finished,Quincy Jones,2010-08-10,48,10171814,0.03,305154,Technology,Telephones & Communication
4256,Order Finished,Cindy Chapman,2012-03-15,23,132040,0.1,13204,Office Supplies,Labels
4257,Order Finished,Dianna Vittorini,2010-05-24,25,16541140,0.08,1323291,Technology,Office Machines
4258,Order Finished,Benjamin Patterson,2009-11-24,16,3919840,0.07,274389,Furniture,Tables
4259,Order Finished,Dianna Vittorini,2012-08-12,9,82060,0.1,8206,Technology,Computer Peripherals
4261,Order Finished,Benjamin Farhat,2012-04-15,29,302180,0.02,6044,Office Supplies,Paper
4267,Order Finished,Benjamin Patterson,2010-07-03,2,6460,0.06,388,Office Supplies,Rubber Bands
4270,Order Finished,Ricardo Block,2009-03-18,44,20728720,0.01,207287,Furniture,Bookcases
4275,Order Returned,Ed Braxton,2010-09-04,50,5728201,0.03,171846,Technology,Telephones & Communication
4277,Order Finished,Cindy Chapman,2011-07-07,21,846480,0.1,84648,Office Supplies,Binders & Binder Accessories
4279,Order Finished,Bruce Degenhardt,2009-05-25,34,1196380,0.09,107674,Technology,Office Machines
4280,Order Returned,Cindy Chapman,2012-12-25,46,608520,0.1,60852,Office Supplies,Pens & Art Supplies
4287,Order Finished,Cindy Chapman,2012-11-01,37,92740,0.03,2782,Office Supplies,Rubber Bands
4289,Order Finished,Ashley Jarboe,2009-12-05,13,906180,0.09,81556,Office Supplies,Envelopes
4292,Order Finished,Ed Braxton,2011-12-31,6,483700,0.01,4837,Office Supplies,Pens & Art Supplies
4293,Order Finished,Cindy Stewart,2011-07-25,1,364800,0.09,32832,Office Supplies,Storage & Organization
4295,Order Returned,Ashley Jarboe,2012-08-12,38,912060,0.02,18241,Office Supplies,Pens & Art Supplies
4301,Order Finished,Ashley Jarboe,2012-04-18,48,2111960,0.07,147837,Office Supplies,Appliances
4303,Order Finished,Dario Medina,2012-01-02,27,558800,0.1,55880,Office Supplies,Storage & Organization
4304,Order Finished,Benjamin Farhat,2010-10-03,37,790740,0.07,55352,Office Supplies,"Scissors, Rulers & Trimmers"
4305,Order Finished,Dianna Vittorini,2010-03-18,19,674760,0.0,0,Furniture,Tables
4314,Order Finished,Cindy Chapman,2012-05-17,5,45500,0.09,4095,Office Supplies,Paper
4317,Order Finished,Quincy Jones,2012-03-30,20,44560,0.09,4010,Office Supplies,Rubber Bands
4322,Order Returned,Cindy Stewart,2010-11-29,11,911180,0.02,18224,Furniture,Office Furnishings
4323,Order Returned,Rob Williams,2010-07-23,12,2342464,0.04,93699,Technology,Telephones & Communication
4324,Order Finished,Trudy Bell,2010-04-07,39,1446615,0.01,14466,Technology,Telephones & Communication
4326,Order Returned,Dianna Vittorini,2009-05-25,12,157880,0.03,4736,Office Supplies,Binders & Binder Accessories
4329,Order Finished,Brad Thomas,2010-12-27,34,2631480,0.03,78944,Office Supplies,Pens & Art Supplies
4331,Order Finished,Paul Lucas,2009-05-16,25,273540,0.09,24619,Office Supplies,Binders & Binder Accessories
4332,Order Finished,Dean Percer,2010-12-30,21,93880,0.02,1878,Office Supplies,Pens & Art Supplies
4333,Order Finished,Robert Barroso,2009-02-05,39,30521560,0.07,2136509,Technology,Office Machines
4334,Order Finished,Brad Thomas,2011-08-20,22,2324801,0.09,209232,Technology,Telephones & Communication
4335,Order Finished,David Kendrick,2011-11-14,17,209880,0.06,12593,Furniture,Office Furnishings
4339,Order Finished,Aleksandra Gannaway,2011-02-07,36,2451040,0.1,245104,Office Supplies,Storage & Organization
4341,Order Returned,Rob Lucas,2012-04-12,23,215860,0.0,0,Office Supplies,Binders & Binder Accessories
4343,Order Finished,Eric Barreto,2011-09-03,7,54020,0.05,2701,Office Supplies,Binders & Binder Accessories
4344,Order Finished,Sara Luxemburg,2010-05-29,29,314980,0.09,28348,Office Supplies,Paper
4347,Order Finished,Roland Fjeld,2010-05-24,6,165440,0.08,13235,Technology,Computer Peripherals
4349,Order Finished,Dave Poirier,2009-05-20,39,4356862,0.01,43569,Technology,Telephones & Communication
4352,Order Finished,Maureen Gastineau,2010-03-02,3,125760,0.09,11318,Office Supplies,Paper
4354,Order Finished,Christy Brittain,2009-11-20,26,207740,0.1,20774,Office Supplies,Pens & Art Supplies
4355,Order Finished,Bradley Drucker,2009-07-14,23,7107240,0.07,497507,Office Supplies,Storage & Organization
4357,Order Finished,Adam Hart,2012-11-18,12,3472820,0.1,347282,Furniture,Tables
4358,Order Returned,Bryan Spruell,2011-12-21,38,230860,0.0,0,Office Supplies,Pens & Art Supplies
4360,Order Finished,Eric Barreto,2010-05-05,14,167740,0.06,10064,Office Supplies,Envelopes
4361,Order Finished,Brad Thomas,2009-07-05,8,158840,0.01,1588,Office Supplies,Binders & Binder Accessories
4362,Order Finished,Thomas Thornton,2011-02-21,43,2450820,0.04,98033,Office Supplies,Storage & Organization
4363,Order Finished,Bobby Elias,2011-03-16,24,741440,0.1,74144,Office Supplies,Storage & Organization
4366,Order Finished,Dan Campbell,2011-07-16,28,2330660,0.04,93226,Office Supplies,Pens & Art Supplies
4368,Order Finished,Bradley Drucker,2012-12-28,30,4233400,0.02,84668,Office Supplies,Binders & Binder Accessories
4369,Order Returned,David Kendrick,2012-04-07,2,20780,0.02,416,Office Supplies,Rubber Bands
4370,Order Finished,Christy Brittain,2012-12-13,4,271856,0.04,10874,Furniture,Tables
4373,Order Finished,Giulietta Dortch,2009-11-16,22,336620,0.1,33662,Office Supplies,Paper
4375,Order Finished,Bradley Drucker,2011-03-01,24,385600,0.05,19280,Office Supplies,Paper
4376,Order Finished,Bobby Elias,2012-07-20,20,177640,0.01,1776,Office Supplies,Labels
4379,Order Finished,Giulietta Dortch,2011-09-15,3,4073940,0.03,122218,Technology,Copiers & Fax
4380,Order Finished,Eric Barreto,2009-06-17,37,789240,0.06,47354,Office Supplies,Appliances
4381,Order Finished,Ellis Ballard,2011-10-14,6,310960,0.1,31096,Office Supplies,Appliances
4383,Order Returned,Aleksandra Gannaway,2011-09-08,6,54640,0.05,2732,Furniture,Office Furnishings
4384,Order Finished,Jill Fjeld,2010-07-17,42,376460,0.05,18823,Office Supplies,Appliances
4385,Order Finished,Anne Mc Farland,2011-01-21,26,896460,0.01,8965,Technology,Computer Peripherals
4387,Order Finished,Astrea Jones,2012-05-24,16,81700,0.09,7353,Office Supplies,Rubber Bands
4392,Order Finished,Dean Katz,2012-01-08,4,2375728,0.07,166301,Furniture,Tables
4393,Order Finished,Giulietta Dortch,2009-01-25,4,22160,0.06,1330,Furniture,Office Furnishings
4397,Order Finished,Charles Crestani,2010-11-19,15,75400,0.1,7540,Office Supplies,Paper
4398,Order Finished,Maureen Gastineau,2010-03-04,35,6983420,0.04,279337,Furniture,Chairs & Chairmats
4400,Order Finished,Jennifer Patt,2009-01-14,21,4728580,0.08,378286,Technology,Office Machines
4403,Order Finished,Giulietta Dortch,2012-02-02,39,1295620,0.1,129562,Furniture,Office Furnishings
4404,Order Finished,Barry Pond,2011-08-20,15,337800,0.09,30402,Technology,Office Machines
4405,Order Finished,Tony Molinari,2009-05-19,14,291720,0.04,11669,Office Supplies,Paper
4407,Order Finished,Adam Hart,2010-11-11,42,1211540,0.05,60577,Furniture,Office Furnishings
4408,Order Finished,Jeremy Pistek,2009-07-24,33,7288480,0.0,0,Office Supplies,Storage & Organization
4409,Order Returned,Cyra Reiten,2011-12-09,36,537100,0.1,53710,Technology,Computer Peripherals
4412,Order Finished,Thomas Thornton,2011-01-22,39,3879320,0.03,116380,Office Supplies,Appliances
4413,Order Finished,Dan Campbell,2009-09-07,16,191800,0.07,13426,Office Supplies,Pens & Art Supplies
4416,Order Finished,Evan Henry,2009-05-01,19,1192420,0.1,119242,Furniture,Office Furnishings
4419,Order Finished,Bradley Drucker,2011-10-11,49,19504500,0.09,1755405,Furniture,Office Furnishings
4420,Order Finished,Evan Henry,2012-12-25,27,229720,0.07,16080,Office Supplies,Pens & Art Supplies
4421,Order Finished,Yana Sorensen,2009-11-11,10,1988080,0.03,59642,Office Supplies,Storage & Organization
4423,Order Finished,Joni Wasserman,2009-08-27,31,525080,0.04,21003,Technology,Computer Peripherals
4424,Order Returned,Aaron Hawkins,2011-05-12,45,566260,0.08,45301,Office Supplies,Paper
4425,Order Finished,Dan Campbell,2012-08-13,50,386220,0.08,30898,Office Supplies,Binders & Binder Accessories
4427,Order Finished,Charles Crestani,2009-03-20,30,9240100,0.06,554406,Furniture,Bookcases
4428,Order Finished,Evan Henry,2009-04-09,30,6394006,0.07,447580,Technology,Telephones & Communication
4429,Order Finished,Aleksandra Gannaway,2009-09-04,50,14624063,0.06,877444,Technology,Telephones & Communication
4430,Order Returned,Brad Thomas,2010-07-04,5,204360,0.09,18392,Technology,Computer Peripherals
4432,Order Returned,Tamara Willingham,2009-06-03,23,7006240,0.01,70062,Furniture,Tables
4433,Order Finished,Tom Prescott,2010-09-21,7,108460,0.08,8677,Office Supplies,Paper
4434,Order Finished,Victoria Pisteka,2009-09-27,42,304520,0.04,12181,Office Supplies,Labels
4435,Order Finished,Carlos Meador,2010-06-16,13,4097136,0.1,409714,Technology,Telephones & Communication
4437,Order Returned,Julia Barnett,2011-12-10,45,2425856,0.02,48517,Furniture,Tables
4439,Order Finished,Julia Barnett,2010-12-21,29,4721960,0.02,94439,Office Supplies,Appliances
4440,Order Returned,Dave Kipp,2009-11-20,46,4989380,0.09,449044,Furniture,Bookcases
4441,Order Finished,Yana Sorensen,2010-01-07,44,318820,0.0,0,Office Supplies,Pens & Art Supplies
4444,Order Finished,David Bremer,2010-07-26,15,300400,0.02,6008,Office Supplies,Paper
4445,Order Finished,Deanra Eno,2012-02-11,2,77860,0.07,5450,Technology,Telephones & Communication
4448,Order Finished,Aleksandra Gannaway,2009-08-18,23,246300,0.05,12315,Office Supplies,Paper
4450,Order Finished,Grant Thornton,2012-12-02,2,33940,0.04,1358,Furniture,Office Furnishings
4452,Order Finished,Jill Fjeld,2012-02-24,42,565220,0.02,11304,Furniture,Office Furnishings
4453,Order Finished,Jill Matthias,2010-01-23,11,1617346,0.06,97041,Technology,Telephones & Communication
4454,Order Finished,Cynthia Voltz,2012-03-06,24,341400,0.0,0,Technology,Computer Peripherals
4456,Order Finished,Brian Stugart,2009-08-01,30,384820,0.03,11545,Office Supplies,Binders & Binder Accessories
4457,Order Finished,Tim Taslimi,2011-02-15,39,9467760,0.02,189355,Technology,Office Machines
4458,Order Finished,Muhammed Lee,2012-10-16,17,727080,0.08,58166,Office Supplies,Pens & Art Supplies
4459,Order Finished,Juliana Krohn,2012-05-11,6,6756360,0.08,540509,Technology,Copiers & Fax
4460,Order Finished,Giulietta Dortch,2010-09-26,48,1050000,0.03,31500,Office Supplies,Pens & Art Supplies
4461,Order Finished,Ed Braxton,2010-10-26,8,559540,0.07,39168,Office Supplies,Storage & Organization
4462,Order Finished,Giulietta Dortch,2009-11-03,39,920860,0.07,64460,Office Supplies,Storage & Organization
4463,Order Finished,Juliana Krohn,2009-12-17,13,1940940,0.1,194094,Office Supplies,Appliances
4464,Order Returned,Darrin Sayre,2010-07-09,36,2681860,0.09,241367,Furniture,Office Furnishings
4465,Order Returned,Rob Lucas,2010-11-04,35,10574320,0.05,528716,Furniture,Bookcases
4471,Order Returned,Bryan Spruell,2010-05-10,33,2418336,0.03,72550,Furniture,Tables
4473,Order Finished,Giulietta Dortch,2012-10-06,3,48720,0.07,3410,Office Supplies,Paper
4474,Order Finished,Ed Jacobs,2010-12-12,15,253480,0.08,20278,Office Supplies,Appliances
4475,Order Finished,Darrin Sayre,2010-12-18,42,96820,0.06,5809,Office Supplies,Rubber Bands
4476,Order Finished,Janet Martin,2012-02-11,50,9100120,0.1,910012,Furniture,Chairs & Chairmats
4478,Order Finished,Charles Crestani,2010-08-31,37,211980,0.01,2120,Office Supplies,Labels
4480,Order Finished,Thomas Thornton,2012-03-15,32,205180,0.01,2052,Office Supplies,Rubber Bands
4481,Order Finished,Dean Katz,2009-02-04,2,14020,0.03,421,Office Supplies,Pens & Art Supplies
4482,Order Finished,Corey Roper,2009-04-29,32,2232060,0.04,89282,Office Supplies,Storage & Organization
4485,Order Finished,Darren Budd,2012-09-20,8,299020,0.02,5980,Furniture,Office Furnishings
4488,Order Finished,Deanra Eno,2009-08-29,5,3096900,0.03,92907,Furniture,Chairs & Chairmats
4489,Order Finished,Deanra Eno,2012-05-21,25,540320,0.09,48629,Office Supplies,Envelopes
4491,Order Finished,Nicole Brennan,2009-02-11,7,26507860,0.01,265079,Technology,Office Machines
4501,Order Finished,Dean Katz,2009-08-24,2,480480,0.05,24024,Furniture,Tables
4503,Order Finished,Amy Cox,2010-01-14,9,184040,0.07,12883,Office Supplies,"Scissors, Rulers & Trimmers"
4507,Order Finished,Darrin Sayre,2010-05-17,30,17439380,0.01,174394,Technology,Office Machines
4508,Order Finished,Kean Thornton,2010-07-26,33,249560,0.09,22460,Office Supplies,Binders & Binder Accessories
4514,Order Finished,Dave Kipp,2011-10-30,33,3513186,0.09,316187,Technology,Telephones & Communication
4515,Order Finished,Jill Matthias,2012-03-27,37,11635760,0.01,116358,Furniture,Bookcases
4516,Order Finished,Joni Wasserman,2011-06-07,5,40560,0.05,2028,Office Supplies,Pens & Art Supplies
4519,Order Returned,Joni Wasserman,2011-06-07,46,800980,0.09,72088,Office Supplies,Paper
4521,Order Finished,Christy Brittain,2010-07-09,18,776260,0.04,31050,Office Supplies,Paper
4522,Order Finished,Tom Ashbrook,2011-02-02,24,290300,0.07,20321,Office Supplies,Binders & Binder Accessories
4523,Order Finished,Nicole Brennan,2011-01-30,9,142400,0.08,11392,Furniture,Office Furnishings
4524,Order Finished,Deanra Eno,2012-11-09,25,2703560,0.06,162214,Office Supplies,Appliances
4526,Order Finished,Jeremy Pistek,2010-03-28,4,2674380,0.06,160463,Office Supplies,Appliances
4527,Order Finished,David Bremer,2009-02-17,2,33620,0.05,1681,Office Supplies,Paper
4528,Order Returned,Brad Thomas,2009-05-27,33,2388680,0.04,95547,Office Supplies,Binders & Binder Accessories
4529,Order Finished,Bryan Spruell,2011-03-03,44,1595960,0.05,79798,Technology,Telephones & Communication
4530,Order Finished,Thea Hendricks,2012-07-21,4,2243560,0.04,89742,Furniture,Chairs & Chairmats
4531,Order Finished,Tamara Willingham,2012-03-28,31,10808360,0.07,756585,Furniture,Chairs & Chairmats
4532,Order Finished,Brendan Murry,2012-04-28,37,6518500,0.04,260740,Technology,Office Machines
4533,Order Finished,Barry Weirich,2012-12-07,2,477520,0.1,47752,Office Supplies,Storage & Organization
4536,Order Finished,Juliana Krohn,2010-10-16,33,20336460,0.03,610094,Office Supplies,Binders & Binder Accessories
4537,Order Finished,Giulietta Dortch,2010-06-25,32,353540,0.06,21212,Office Supplies,Paper
4542,Order Finished,Bradley Drucker,2010-03-31,25,5952380,0.05,297619,Technology,Office Machines
4546,Order Finished,Tim Taslimi,2010-11-19,12,272200,0.06,16332,Furniture,Office Furnishings
4548,Order Finished,Adam Hart,2012-12-11,29,209400,0.09,18846,Office Supplies,Labels
4555,Order Finished,Nicole Brennan,2009-07-12,31,3249193,0.07,227444,Technology,Telephones & Communication
4562,Order Finished,Cyra Reiten,2012-10-02,21,1353380,0.09,121804,Technology,Computer Peripherals
4564,Order Finished,Chris Mc Afee,2010-06-08,23,643260,0.04,25730,Furniture,Office Furnishings
4565,Order Finished,Barry Pond,2012-06-22,48,556140,0.08,44491,Office Supplies,Paper
4568,Order Finished,Alan Schoenberger,2012-06-12,41,755660,0.06,45340,Office Supplies,Paper
4570,Order Finished,Tamara Willingham,2011-12-11,25,537160,0.03,16115,Office Supplies,Appliances
4571,Order Finished,Jeremy Pistek,2010-11-01,37,463300,0.0,0,Office Supplies,Paper
4572,Order Finished,Tamara Willingham,2009-09-29,2,396880,0.01,3969,Furniture,Office Furnishings
4574,Order Finished,Thea Hendricks,2011-05-20,44,1459500,0.02,29190,Office Supplies,Envelopes
4575,Order Finished,Helen Andreada,2011-09-11,16,219800,0.01,2198,Office Supplies,Binders & Binder Accessories
4576,Order Finished,Jay Fine,2010-02-01,50,687880,0.02,13758,Office Supplies,Paper
4581,Order Finished,Brad Thomas,2010-09-20,41,12253860,0.01,122539,Furniture,Tables
4582,Order Finished,Deborah Brumfield,2010-04-08,23,257940,0.03,7738,Office Supplies,Appliances
4584,Order Finished,Kean Thornton,2012-12-19,25,326820,0.07,22877,Office Supplies,Binders & Binder Accessories
4585,Order Finished,Dave Kipp,2009-03-27,34,1015320,0.1,101532,Technology,Computer Peripherals
4586,Order Returned,Maureen Gastineau,2012-06-29,37,6425940,0.03,192778,Office Supplies,Envelopes
4587,Order Finished,Giulietta Dortch,2012-01-12,12,98360,0.07,6885,Office Supplies,Pens & Art Supplies
4588,Order Finished,Thomas Thornton,2010-04-27,16,1319000,0.09,118710,Office Supplies,Binders & Binder Accessories
4591,Order Finished,Dave Kipp,2010-09-24,46,3001680,0.1,300168,Office Supplies,Envelopes
4592,Order Finished,Shirley Jackson,2009-07-09,1,22320,0.01,223,Office Supplies,Envelopes
4593,Order Finished,Muhammed Lee,2012-01-16,24,198200,0.02,3964,Office Supplies,Labels
4594,Order Finished,Jay Fine,2012-05-29,41,650660,0.0,0,Office Supplies,Paper
4596,Order Returned,Brad Thomas,2012-12-27,22,90420,0.02,1808,Office Supplies,Pens & Art Supplies
4600,Order Finished,Victoria Pisteka,2010-06-21,24,468480,0.09,42163,Office Supplies,Storage & Organization
4601,Order Finished,Brad Thomas,2010-07-07,44,8714234,0.07,609996,Technology,Telephones & Communication
4602,Order Finished,Brad Thomas,2011-09-24,41,2596580,0.06,155795,Technology,Computer Peripherals
4603,Order Finished,Adam Hart,2011-06-27,26,2926840,0.08,234147,Office Supplies,Appliances
4609,Order Finished,Doug O'Connell,2009-11-05,13,366440,0.01,3664,Furniture,Office Furnishings
4611,Order Finished,Mick Brown,2009-02-15,30,9693480,0.01,96935,Technology,Computer Peripherals
4612,Order Finished,Deborah Brumfield,2011-11-12,46,11959680,0.01,119597,Furniture,Chairs & Chairmats
4613,Order Finished,Nicole Brennan,2012-06-19,18,841520,0.05,42076,Office Supplies,Binders & Binder Accessories
4614,Order Returned,Jay Fine,2009-05-11,35,406700,0.08,32536,Office Supplies,Appliances
4621,Order Finished,Tom Ashbrook,2011-02-11,10,178080,0.08,14246,Furniture,Office Furnishings
4623,Order Finished,Eric Murdock,2012-09-28,29,285180,0.02,5704,Office Supplies,Rubber Bands
4626,Order Finished,Corey Lock,2009-04-06,40,1493860,0.09,134447,Office Supplies,Paper
4627,Order Finished,Barry Pond,2011-11-10,43,417540,0.03,12526,Furniture,Office Furnishings
4628,Order Finished,Chris Mc Afee,2011-01-17,6,57100,0.01,571,Office Supplies,Pens & Art Supplies
4629,Order Finished,Karen Carlisle,2012-03-27,11,649040,0.08,51923,Furniture,Office Furnishings
4632,Order Finished,Michael Stewart,2009-12-19,15,166040,0.06,9962,Technology,Computer Peripherals
4633,Order Returned,Dave Poirier,2009-07-04,37,12352580,0.04,494103,Office Supplies,Storage & Organization
4635,Order Finished,Christy Brittain,2011-12-25,45,9537180,0.01,95372,Furniture,Chairs & Chairmats
4636,Order Finished,Christy Brittain,2009-06-30,21,359960,0.01,3600,Office Supplies,Rubber Bands
4638,Order Finished,Karen Carlisle,2010-02-26,43,32232660,0.08,2578613,Office Supplies,Binders & Binder Accessories
4639,Order Finished,Speros Goranitis,2009-09-05,21,10964360,0.06,657862,Furniture,Chairs & Chairmats
4641,Order Finished,Bryan Spruell,2011-06-03,1,58380,0.03,1751,Office Supplies,Envelopes
4643,Order Finished,Patrick Bzostek,2010-02-22,1,39920,0.05,1996,Office Supplies,Paper
4645,Order Finished,Tamara Willingham,2009-08-16,39,1955840,0.05,97792,Office Supplies,Pens & Art Supplies
4649,Order Finished,Elizabeth Moffitt,2010-05-28,38,2558500,0.01,25585,Technology,Computer Peripherals
4651,Order Finished,David Kendrick,2009-09-06,7,460580,0.03,13817,Office Supplies,Binders & Binder Accessories
4656,Order Finished,Bradley Drucker,2011-12-17,33,2567360,0.08,205389,Furniture,Office Furnishings
4658,Order Finished,Grant Thornton,2012-09-30,39,1712300,0.03,51369,Office Supplies,Binders & Binder Accessories
4660,Order Finished,Benjamin Venier,2010-01-01,43,588260,0.01,5883,Office Supplies,Paper
4663,Order Finished,Jennifer Patt,2010-04-20,1,400760,0.02,8015,Furniture,Chairs & Chairmats
4664,Order Finished,Jeremy Pistek,2011-01-10,22,118160,0.1,11816,Office Supplies,Binders & Binder Accessories
4666,Order Finished,Nora Paige,2009-05-02,43,2466440,0.05,123322,Technology,Computer Peripherals
4671,Order Finished,Alejandro Savely,2009-09-22,20,185880,0.09,16729,Office Supplies,Labels
4672,Order Finished,Charles Crestani,2011-05-03,24,83700,0.04,3348,Office Supplies,Pens & Art Supplies
4677,Order Finished,Jeremy Pistek,2011-10-20,11,90620,0.07,6343,Office Supplies,Paper
4679,Order Finished,Berenike Kampe,2009-08-14,46,6824160,0.04,272966,Furniture,Bookcases
4682,Order Finished,Tom Prescott,2010-01-11,12,3880640,0.0,0,Furniture,Tables
4687,Order Finished,Bobby Elias,2010-05-13,25,15335560,0.04,613422,Technology,Office Machines
4688,Order Finished,Damala Kotsonis,2011-05-12,35,4260620,0.08,340850,Furniture,Chairs & Chairmats
4690,Order Finished,Tim Taslimi,2012-08-27,14,3699200,0.06,221952,Technology,Telephones & Communication
4692,Order Finished,Corey Catlett,2012-06-13,40,1271180,0.07,88983,Office Supplies,Binders & Binder Accessories
4693,Order Finished,Deborah Brumfield,2010-10-31,25,2019736,0.02,40395,Technology,Telephones & Communication
4694,Order Finished,Jill Matthias,2009-02-26,9,62720,0.1,6272,Office Supplies,Paper
4696,Order Finished,Maris La Ware,2011-11-17,38,404840,0.09,36436,Office Supplies,Binders & Binder Accessories
4701,Order Finished,Barry Weirich,2012-08-07,27,42641160,0.09,3837704,Technology,Office Machines
4703,Order Finished,Bill Shonely,2012-01-22,5,22500,0.08,1800,Office Supplies,Binders & Binder Accessories
4706,Order Finished,Emily Phan,2009-04-09,39,29182880,0.07,2042802,Technology,Office Machines
4708,Order Finished,Corey Lock,2010-07-26,45,6655680,0.06,399341,Furniture,Tables
4709,Order Finished,Peter Buhler,2012-04-20,32,2283800,0.02,45676,Office Supplies,Storage & Organization
4710,Order Finished,Charles Crestani,2009-04-30,34,3825969,0.06,229558,Technology,Telephones & Communication
4715,Order Finished,Charles Crestani,2011-06-12,13,253360,0.05,12668,Furniture,Office Furnishings
4717,Order Finished,Tony Molinari,2009-11-08,23,407820,0.02,8156,Office Supplies,Binders & Binder Accessories
4718,Order Finished,Rick Huthwaite,2009-03-26,7,76740,0.1,7674,Office Supplies,Binders & Binder Accessories
4719,Order Finished,George Zrebassa,2009-06-07,1,93880,0.06,5633,Office Supplies,Appliances
4722,Order Finished,Debra Catini,2012-06-24,47,3352500,0.04,134100,Furniture,Office Furnishings
4723,Order Finished,Karen Carlisle,2010-07-03,1,59980,0.07,4199,Office Supplies,Paper
4728,Order Finished,Dan Campbell,2011-05-22,49,41403856,0.08,3312308,Furniture,Tables
4729,Order Finished,Bryan Spruell,2010-07-27,4,40380,0.03,1211,Office Supplies,Labels
4731,Order Finished,Brad Thomas,2009-06-12,38,3512540,0.09,316129,Office Supplies,Appliances
4732,Order Finished,Tamara Willingham,2009-08-28,16,546720,0.04,21869,Office Supplies,"Scissors, Rulers & Trimmers"
4733,Order Finished,Tamara Willingham,2012-01-11,19,345080,0.08,27606,Office Supplies,Paper
4736,Order Finished,Jill Matthias,2009-12-16,15,4555340,0.0,0,Furniture,Bookcases
4737,Order Finished,Nicole Brennan,2011-07-22,25,6616560,0.08,529325,Furniture,Bookcases
4738,Order Returned,Victoria Pisteka,2012-04-09,47,741200,0.03,22236,Office Supplies,Envelopes
4740,Order Finished,Paul Van Hugh,2012-03-04,14,82740,0.05,4137,Office Supplies,Pens & Art Supplies
4741,Order Returned,Jeremy Pistek,2012-12-15,18,142440,0.04,5698,Office Supplies,Pens & Art Supplies
4742,Order Finished,Berenike Kampe,2009-10-11,46,1726520,0.09,155387,Furniture,Office Furnishings
4743,Order Finished,Cyra Reiten,2011-08-03,48,477580,0.04,19103,Office Supplies,Paper
4744,Order Finished,Benjamin Venier,2011-12-05,13,133660,0.0,0,Office Supplies,Paper
4745,Order Finished,Nora Paige,2012-12-26,43,511400,0.0,0,Office Supplies,Rubber Bands
4748,Order Finished,Nicole Brennan,2009-02-14,8,5302420,0.09,477218,Furniture,Tables
4749,Order Finished,Jill Matthias,2010-01-07,21,212400,0.0,0,Office Supplies,Labels
4750,Order Returned,Roland Fjeld,2011-03-07,36,823500,0.05,41175,Office Supplies,Pens & Art Supplies
4751,Order Finished,Adam Hart,2010-01-22,1,6820,0.06,409,Office Supplies,Pens & Art Supplies
4752,Order Finished,Chris Cortes,2009-04-16,37,245980,0.0,0,Office Supplies,Binders & Binder Accessories
4754,Order Finished,Tony Molinari,2012-12-30,6,782240,0.06,46934,Furniture,Chairs & Chairmats
4755,Order Finished,Thomas Thornton,2012-06-11,1,68180,0.05,3409,Office Supplies,Paper
4757,Order Finished,Mark Packer,2010-06-21,34,1566960,0.01,15670,Office Supplies,Binders & Binder Accessories
4758,Order Finished,Corey Lock,2012-05-03,46,8789560,0.08,703165,Furniture,Bookcases
4763,Order Finished,Charles Crestani,2012-02-18,11,3768416,0.04,150737,Furniture,Tables
4765,Order Finished,Corey Catlett,2010-10-03,18,4758300,0.06,285498,Furniture,Chairs & Chairmats
4769,Order Finished,Helen Andreada,2011-11-03,13,1018980,0.07,71329,Technology,Office Machines
4770,Order Finished,Eric Barreto,2010-03-22,36,1478140,0.1,147814,Technology,Computer Peripherals
4771,Order Finished,Corey Lock,2011-10-28,2,50140,0.04,2006,Technology,Office Machines
4773,Order Finished,Juliana Krohn,2010-09-26,26,574860,0.01,5749,Office Supplies,Envelopes
4775,Order Finished,Raymond Fair,2012-07-18,33,207840,0.08,16627,Office Supplies,"Scissors, Rulers & Trimmers"
4776,Order Finished,Ivan Liston,2012-06-01,28,272320,0.07,19062,Office Supplies,Labels
4777,Order Returned,Denny Ordway,2012-09-06,23,10124360,0.06,607462,Technology,Office Machines
4778,Order Finished,Jill Matthias,2012-10-22,43,1827980,0.08,146238,Office Supplies,Pens & Art Supplies
4780,Order Finished,Alejandro Savely,2010-04-15,50,1904420,0.05,95221,Furniture,Office Furnishings
4783,Order Finished,Brendan Murry,2010-12-06,27,3107736,0.04,124309,Technology,Telephones & Communication
4785,Order Finished,Bradley Drucker,2010-12-13,29,2854280,0.02,57086,Office Supplies,Paper
4786,Order Finished,Doug O'Connell,2012-08-04,39,839900,0.02,16798,Furniture,Office Furnishings
4790,Order Returned,Brad Thomas,2009-08-12,49,1267820,0.0,0,Furniture,Office Furnishings
4796,Order Finished,Paul Van Hugh,2012-02-27,43,33773520,0.02,675470,Furniture,Tables
4797,Order Finished,Anne Mc Farland,2012-03-01,1,23400,0.0,0,Furniture,Office Furnishings
4798,Order Returned,Charles Crestani,2009-02-14,34,13372688,0.0,0,Furniture,Tables
4799,Order Finished,Debra Catini,2009-02-19,37,317240,0.05,15862,Office Supplies,Paper
4800,Order Finished,Bobby Trafton,2011-11-21,6,353160,0.1,35316,Office Supplies,Binders & Binder Accessories
4801,Order Finished,Dave Kipp,2012-10-25,39,412940,0.08,33035,Office Supplies,Paper
4802,Order Finished,Thea Hendricks,2012-05-29,50,156400,0.09,14076,Office Supplies,Pens & Art Supplies
4805,Order Returned,Dave Poirier,2010-05-28,48,4105660,0.02,82113,Technology,Office Machines
4807,Order Finished,Eric Barreto,2010-01-10,33,317580,0.02,6352,Office Supplies,Labels
4813,Order Finished,Cyra Reiten,2010-08-08,41,3606240,0.0,0,Office Supplies,Appliances
4816,Order Finished,Corey Lock,2010-12-17,17,1869881,0.08,149590,Technology,Telephones & Communication
4817,Order Finished,Raymond Fair,2012-08-19,3,43100,0.09,3879,Office Supplies,Labels
4822,Order Finished,Dean Katz,2011-07-01,11,4041160,0.01,40412,Furniture,Chairs & Chairmats
4831,Order Finished,Art Foster,2012-10-07,44,9018755,0.01,90188,Technology,Telephones & Communication
4832,Order Finished,Eugene Moren,2009-05-22,15,3626080,0.01,36261,Technology,Office Machines
4833,Order Finished,Carol Darley,2011-08-15,44,9061920,0.07,634334,Furniture,Tables
4834,Order Finished,Fred Harton,2011-05-01,31,2648180,0.01,26482,Furniture,Office Furnishings
4835,Order Finished,Andrew Allen,2010-07-14,20,557360,0.06,33442,Office Supplies,Binders & Binder Accessories
4838,Order Finished,Cathy Armstrong,2009-10-29,31,362340,0.06,21740,Office Supplies,Binders & Binder Accessories
4839,Order Finished,Art Miller,2010-05-28,30,511480,0.07,35804,Technology,Computer Peripherals
4843,Order Finished,Eugene Moren,2009-10-24,3,18800,0.04,752,Office Supplies,"Scissors, Rulers & Trimmers"
4847,Order Finished,Art Foster,2009-12-10,10,5331280,0.1,533128,Furniture,Tables
4848,Order Finished,Christopher Martinez,2009-11-05,42,20614020,0.0,0,Furniture,Tables
4849,Order Finished,Art Foster,2012-12-28,2,88900,0.01,889,Office Supplies,Binders & Binder Accessories
4850,Order Finished,Eugene Moren,2011-07-14,22,92720,0.05,4636,Furniture,Office Furnishings
4851,Order Finished,Art Miller,2010-06-09,10,59580,0.01,596,Office Supplies,Labels
4854,Order Finished,Greg Matthias,2009-01-12,12,8160600,0.05,408030,Furniture,Chairs & Chairmats
4856,Order Finished,Scott Cohen,2012-03-24,25,270460,0.1,27046,Office Supplies,"Scissors, Rulers & Trimmers"
4860,Order Finished,Anthony Rawles,2010-01-31,36,2800200,0.03,84006,Technology,Computer Peripherals
4861,Order Finished,Lauren Leatherbury,2010-01-24,38,2650120,0.06,159007,Technology,Computer Peripherals
4863,Order Finished,Cathy Armstrong,2011-08-25,34,17162500,0.0,0,Furniture,Bookcases
4865,Order Finished,Anthony Rawles,2010-01-31,36,157020,0.09,14132,Office Supplies,Rubber Bands
4869,Order Finished,Lauren Leatherbury,2010-09-04,21,723960,0.0,0,Technology,Office Machines
4870,Order Returned,Eugene Moren,2010-09-19,29,1931640,0.09,173848,Technology,Computer Peripherals
4872,Order Finished,Cynthia Delaney,2009-01-24,24,719300,0.01,7193,Office Supplies,Appliances
4875,Order Finished,Lauren Leatherbury,2011-03-30,41,2408169,0.04,96327,Technology,Telephones & Communication
4876,Order Returned,Carol Darley,2009-02-03,36,362780,0.1,36278,Furniture,Office Furnishings
4877,Order Finished,Fred Harton,2009-03-30,35,375680,0.0,0,Office Supplies,Binders & Binder Accessories
4878,Order Finished,Barry Blumstein,2009-09-25,41,18625040,0.01,186250,Furniture,Chairs & Chairmats
4880,Order Finished,Duane Noonan,2012-12-05,12,1431600,0.06,85896,Furniture,Office Furnishings
4882,Order Finished,Cynthia Delaney,2012-01-24,48,1757500,0.07,123025,Office Supplies,Paper
4883,Order Finished,Art Miller,2011-06-27,17,1755620,0.02,35112,Technology,Computer Peripherals
4886,Order Finished,Fred Harton,2009-07-05,28,4464300,0.05,223215,Office Supplies,Storage & Organization
4887,Order Finished,Anthony O'Donnell,2011-09-03,8,921179,0.02,18424,Technology,Telephones & Communication
4889,Order Finished,Cathy Armstrong,2009-09-24,9,315260,0.06,18916,Technology,Computer Peripherals
4890,Order Finished,Barry Blumstein,2011-07-01,34,450900,0.02,9018,Office Supplies,Paper
4892,Order Finished,Christopher Martinez,2010-08-21,14,431040,0.02,8621,Furniture,Office Furnishings
4894,Order Finished,Fred Harton,2010-03-21,18,335060,0.05,16753,Office Supplies,Binders & Binder Accessories
4897,Order Returned,Carol Darley,2012-12-11,41,2468720,0.04,98749,Office Supplies,Envelopes
4898,Order Finished,Lauren Leatherbury,2010-01-18,3,20760680,0.05,1038034,Technology,Office Machines
4901,Order Finished,Sanjit Jacobs,2010-01-14,46,144360,0.0,0,Office Supplies,Rubber Bands
4903,Order Returned,Fred Harton,2011-04-01,29,1474760,0.08,117981,Furniture,Chairs & Chairmats
4904,Order Finished,Anthony O'Donnell,2012-02-18,37,4360460,0.05,218023,Office Supplies,Appliances
4906,Order Returned,Duane Noonan,2012-02-12,48,652200,0.04,26088,Office Supplies,Paper
4907,Order Finished,Eva Jacobs,2010-02-05,14,5190140,0.1,519014,Furniture,Office Furnishings
4910,Order Finished,Lauren Leatherbury,2011-05-19,1,20960,0.04,838,Office Supplies,Binders & Binder Accessories
4912,Order Finished,Art Foster,2012-02-17,14,314980,0.02,6300,Office Supplies,Envelopes
4916,Order Finished,Fred Harton,2012-10-07,23,2304320,0.0,0,Office Supplies,Appliances
4918,Order Finished,Lauren Leatherbury,2011-04-22,43,2876660,0.08,230133,Office Supplies,Storage & Organization
4919,Order Finished,Greg Matthias,2011-01-04,35,1251897,0.04,50076,Technology,Telephones & Communication
4920,Order Finished,Anthony Rawles,2009-04-20,13,497520,0.1,49752,Office Supplies,Paper
4921,Order Finished,Ken Lonsdale,2012-09-13,31,4894215,0.0,0,Technology,Telephones & Communication
4922,Order Finished,Greg Matthias,2010-02-10,2,53280,0.09,4795,Office Supplies,Pens & Art Supplies
4923,Order Finished,Christopher Martinez,2010-04-25,39,636560,0.08,50925,Office Supplies,Paper
4924,Order Finished,Anthony Rawles,2011-03-03,40,1298920,0.01,12989,Technology,Computer Peripherals
4927,Order Finished,Carol Darley,2012-02-07,6,3270580,0.1,327058,Furniture,Chairs & Chairmats
4929,Order Finished,Anthony Rawles,2009-05-26,37,455000,0.01,4550,Office Supplies,Binders & Binder Accessories
4930,Order Finished,Art Foster,2011-09-01,24,412680,0.04,16507,Technology,Computer Peripherals
4931,Order Finished,Sanjit Jacobs,2010-11-22,11,27040,0.03,811,Technology,Computer Peripherals
4932,Order Finished,Christopher Martinez,2011-10-10,4,40500,0.1,4050,Technology,Computer Peripherals
4939,Order Finished,Christopher Martinez,2011-09-23,8,2117640,0.02,42353,Office Supplies,Appliances
4940,Order Returned,Barry Blumstein,2011-06-08,24,3623100,0.09,326079,Office Supplies,Appliances
4941,Order Finished,Andrew Allen,2009-01-21,4,66880,0.1,6688,Office Supplies,Paper
4942,Order Finished,Art Foster,2010-02-20,21,13553840,0.0,0,Technology,Office Machines
4943,Order Finished,Ricardo Block,2010-09-19,33,3281800,0.02,65636,Furniture,Bookcases
4946,Order Returned,Tim Brockman,2009-03-30,41,462520,0.07,32376,Office Supplies,Pens & Art Supplies
4947,Order Finished,Sung Pak,2011-11-29,24,20188860,0.03,605666,Office Supplies,Binders & Binder Accessories
4949,Order Finished,Sung Chung,2011-04-11,44,4886684,0.01,48867,Technology,Telephones & Communication
4950,Order Finished,Ricardo Block,2010-04-11,9,224240,0.01,2242,Office Supplies,Appliances
4952,Order Finished,Roger Demir,2010-12-05,1,57920,0.06,3475,Office Supplies,Paper
4953,Order Finished,Tamara Manning,2010-03-20,35,2267920,0.02,45358,Office Supplies,Binders & Binder Accessories
4954,Order Finished,Resi Polking,2011-08-18,44,4844881,0.03,145346,Technology,Telephones & Communication
4955,Order Finished,Sung Pak,2012-11-25,17,3909592,0.05,195480,Technology,Telephones & Communication
4956,Order Finished,Sung Pak,2012-12-21,17,4625920,0.09,416333,Technology,Office Machines
4960,Order Finished,Tim Brockman,2009-11-28,27,1882800,0.05,94140,Office Supplies,Paper
4963,Order Returned,Tamara Manning,2011-09-22,23,13144080,0.06,788645,Technology,Computer Peripherals
4966,Order Finished,Roger Demir,2010-09-12,1,57500,0.09,5175,Office Supplies,Binders & Binder Accessories
4971,Order Finished,Sung Pak,2012-09-17,28,1892540,0.06,113552,Office Supplies,Storage & Organization
4972,Order Finished,Resi Polking,2010-02-12,47,793560,0.09,71420,Furniture,Office Furnishings
4973,Order Returned,John Murray,2012-10-19,12,1538340,0.0,0,Furniture,Bookcases
4974,Order Finished,Shaun Chance,2011-10-13,25,777420,0.01,7774,Office Supplies,Binders & Binder Accessories
4978,Order Returned,Shaun Chance,2010-02-15,31,172200,0.06,10332,Office Supplies,Labels
4979,Order Finished,Roger Demir,2009-11-20,3,174420,0.02,3488,Technology,Computer Peripherals
4984,Order Finished,Tim Brockman,2010-12-05,39,208660,0.0,0,Office Supplies,Labels
4986,Order Finished,Darren Powers,2009-02-02,38,89700,0.02,1794,Office Supplies,Rubber Bands
4990,Order Finished,Sue Ann Reed,2011-12-11,38,11052320,0.03,331570,Furniture,Chairs & Chairmats
4991,Order Finished,Tim Brockman,2010-12-15,35,8817339,0.05,440867,Technology,Telephones & Communication
4992,Order Finished,Sung Chung,2010-06-15,29,293360,0.08,23469,Office Supplies,Binders & Binder Accessories
4994,Order Finished,Shaun Chance,2010-09-03,7,1466720,0.02,29334,Technology,Computer Peripherals
4995,Order Returned,Tom Prescott,2012-07-09,36,396200,0.09,35658,Office Supplies,Paper
4998,Order Finished,Resi Polking,2012-03-24,50,2203520,0.07,154246,Office Supplies,Appliances
4999,Order Finished,John Murray,2009-10-07,3,430480,0.04,17219,Furniture,Office Furnishings
5000,Order Returned,Tim Brockman,2010-07-29,31,11751320,0.02,235026,Office Supplies,Storage & Organization
5001,Order Finished,Penelope Sewall,2012-04-26,36,1140280,0.03,34208,Office Supplies,Storage & Organization
5002,Order Finished,Roger Demir,2012-04-17,42,1651260,0.03,49538,Office Supplies,Binders & Binder Accessories
5005,Order Finished,Tom Prescott,2011-11-18,29,3235760,0.0,0,Technology,Computer Peripherals
5006,Order Returned,Tim Brockman,2010-10-25,31,7938860,0.1,793886,Furniture,Bookcases
5011,Order Finished,Sharelle Roach,2010-10-26,38,2646620,0.05,132331,Office Supplies,Envelopes
5013,Order Finished,Pauline Webber,2009-06-08,35,6878780,0.05,343939,Technology,Computer Peripherals
5015,Order Finished,Shaun Chance,2009-08-10,32,421880,0.08,33750,Office Supplies,Paper
5016,Order Finished,Darren Powers,2012-07-28,39,5301540,0.08,424123,Furniture,Office Furnishings
5021,Order Finished,Shaun Chance,2011-03-08,41,486740,0.01,4867,Office Supplies,Binders & Binder Accessories
5024,Order Finished,Ken Dana,2010-04-20,49,14639700,0.03,439191,Technology,Computer Peripherals
5025,Order Finished,Lindsay Castell,2009-03-12,15,2292820,0.0,0,Technology,Computer Peripherals
5026,Order Finished,Ken Dana,2012-09-29,4,160580,0.03,4817,Office Supplies,Paper
5027,Order Finished,Adam Bellavance,2011-04-06,16,278000,0.05,13900,Office Supplies,Appliances
5028,Order Finished,Ken Dana,2010-10-11,28,860260,0.02,17205,Office Supplies,Appliances
5029,Order Finished,Adam Bellavance,2012-10-02,42,9835380,0.02,196708,Furniture,Chairs & Chairmats
5031,Order Finished,Laurel Workman,2012-05-20,32,503020,0.06,30181,Furniture,Office Furnishings
5032,Order Finished,Laurel Workman,2010-08-18,21,848260,0.06,50896,Office Supplies,Appliances
5034,Order Finished,Adam Bellavance,2011-05-15,38,3275560,0.08,262045,Office Supplies,Appliances
5035,Order Finished,Ken Dana,2012-07-03,48,2926210,0.06,175573,Technology,Telephones & Communication
5036,Order Finished,Lisa Ryan,2009-05-21,46,711100,0.03,21333,Furniture,Office Furnishings
5043,Order Finished,Lisa Ryan,2011-04-20,25,2774580,0.03,83237,Office Supplies,Paper
5044,Order Finished,Ken Dana,2009-07-06,23,335320,0.01,3353,Office Supplies,Paper
5045,Order Finished,Lisa Ryan,2012-12-08,5,2849900,0.09,256491,Furniture,Chairs & Chairmats
5046,Order Finished,Ken Dana,2010-08-23,38,1655660,0.09,149009,Office Supplies,Pens & Art Supplies
5047,Order Finished,Helen Wasserman,2011-05-20,16,202280,0.0,0,Office Supplies,Paper
5052,Order Returned,Helen Wasserman,2011-01-29,12,1699020,0.05,84951,Office Supplies,Appliances
5053,Order Finished,Max Engle,2009-02-08,47,1428920,0.07,100024,Technology,Computer Peripherals
5055,Order Finished,Chuck Clark,2012-05-03,9,52180,0.08,4174,Office Supplies,Pens & Art Supplies
5056,Order Finished,Chuck Clark,2012-09-10,47,2812980,0.02,56260,Office Supplies,Pens & Art Supplies
5058,Order Finished,Darren Koutras,2012-10-28,38,1145480,0.0,0,Office Supplies,Binders & Binder Accessories
5059,Order Finished,Roland Murray,2012-05-06,46,892120,0.01,8921,Office Supplies,Paper
5061,Order Finished,Chuck Clark,2009-08-31,32,558860,0.0,0,Technology,Computer Peripherals
5062,Order Finished,Roland Murray,2011-05-27,20,422840,0.0,0,Office Supplies,Storage & Organization
5064,Order Finished,Bobby Odegard,2009-07-15,49,1544840,0.02,30897,Technology,Computer Peripherals
5067,Order Finished,Chuck Clark,2012-01-03,49,1483140,0.1,148314,Office Supplies,Envelopes
5069,Order Finished,Daniel Byrd,2010-04-28,42,5506140,0.07,385430,Office Supplies,Binders & Binder Accessories
5070,Order Finished,Roger Barcio,2009-04-30,43,1876740,0.02,37535,Office Supplies,Pens & Art Supplies
5071,Order Finished,Chloris Kastensmidt,2009-01-07,46,1474500,0.08,117960,Office Supplies,Binders & Binder Accessories
5072,Order Finished,Bobby Odegard,2012-11-15,37,1384300,0.09,124587,Office Supplies,Paper
5073,Order Finished,Carl Weiss,2011-07-29,31,287700,0.1,28770,Office Supplies,Pens & Art Supplies
5077,Order Finished,Carl Weiss,2011-07-24,16,1194880,0.09,107539,Office Supplies,Appliances
5078,Order Finished,Carl Weiss,2009-07-13,34,446998,0.06,26820,Technology,Telephones & Communication
5079,Order Finished,Arthur Gainer,2009-01-19,41,216300,0.09,19467,Office Supplies,Pens & Art Supplies
5080,Order Finished,Lisa Hazard,2009-08-19,29,1714220,0.07,119995,Technology,Computer Peripherals
5082,Order Finished,Katharine Harms,2009-05-03,27,433900,0.08,34712,Furniture,Office Furnishings
5083,Order Finished,Matthew Grinstein,2010-04-07,13,176760,0.06,10606,Office Supplies,Paper
5085,Order Finished,Cathy Prescott,2010-10-24,19,275680,0.06,16541,Office Supplies,Paper
5087,Order Finished,Lauren Leatherbury,2010-08-30,41,640840,0.03,19225,Office Supplies,Binders & Binder Accessories
5088,Order Finished,Matthew Grinstein,2010-11-25,47,613540,0.03,18406,Furniture,Office Furnishings
5089,Order Finished,Pauline Webber,2011-09-15,28,763580,0.08,61086,Furniture,Office Furnishings
5092,Order Finished,Lisa Hazard,2010-07-04,40,2768680,0.1,276868,Office Supplies,Binders & Binder Accessories
5093,Order Finished,Pauline Webber,2012-09-25,26,725520,0.09,65297,Office Supplies,Binders & Binder Accessories
5095,Order Finished,Mitch Gastineau,2009-05-22,50,12555500,0.1,1255550,Furniture,Chairs & Chairmats
5096,Order Finished,Lisa Hazard,2012-11-15,3,37820,0.0,0,Office Supplies,Binders & Binder Accessories
5098,Order Finished,Lisa Hazard,2010-09-05,26,279220,0.01,2792,Technology,Computer Peripherals
5101,Order Finished,Lauren Leatherbury,2010-07-28,1,30000,0.1,3000,Office Supplies,Envelopes
5102,Order Finished,Lisa Hazard,2011-12-18,14,277900,0.04,11116,Office Supplies,Paper
5103,Order Finished,Lauren Leatherbury,2012-11-24,45,8950000,0.02,179000,Furniture,Chairs & Chairmats
5104,Order Finished,Quincy Jones,2010-09-28,15,1219940,0.0,0,Technology,Computer Peripherals
5105,Order Finished,Mitch Gastineau,2011-09-28,40,1651600,0.1,165160,Office Supplies,Pens & Art Supplies
5108,Order Returned,Quincy Jones,2012-02-19,50,1024660,0.01,10247,Office Supplies,Labels
5111,Order Returned,Quincy Jones,2012-12-29,45,357400,0.07,25018,Office Supplies,Appliances
5113,Order Finished,Matthew Grinstein,2009-08-21,33,7075680,0.0,0,Furniture,Chairs & Chairmats
5116,Order Finished,John Murray,2010-11-08,43,1268760,0.09,114188,Office Supplies,Envelopes
5117,Order Returned,Katharine Harms,2012-02-23,48,8092500,0.09,728325,Furniture,Tables
5121,Order Finished,Lauren Leatherbury,2011-07-21,29,8407760,0.1,840776,Furniture,Bookcases
5123,Order Finished,Matthew Grinstein,2011-06-02,26,347560,0.06,20854,Office Supplies,Paper
5125,Order Finished,Cari Mac Intyre,2012-12-04,35,256240,0.08,20499,Office Supplies,Binders & Binder Accessories
5126,Order Finished,Sample Company A,2011-11-02,46,4969491,0.1,496949,Technology,Telephones & Communication
5127,Order Finished,Maria Zettner,2012-04-04,49,658060,0.1,65806,Furniture,Office Furnishings
5128,Order Finished,Sonia Cooley,2012-03-02,50,15332080,0.02,306642,Furniture,Tables
5132,Order Finished,Harold Dahlen,2010-01-10,40,1654540,0.05,82727,Technology,Computer Peripherals
5133,Order Finished,Hallie Redmond,2012-03-24,7,119980,0.1,11998,Office Supplies,Paper
5139,Order Finished,Adam Shillingsburg,2011-08-11,30,398220,0.01,3982,Office Supplies,Paper
5140,Order Returned,Clytie Kelty,2010-04-16,47,38449840,0.1,3844984,Technology,Copiers & Fax
5141,Order Returned,Brooke Gillingham,2012-02-01,27,1739560,0.1,173956,Office Supplies,Storage & Organization
5142,Order Finished,Tom Boeckenhauer,2010-05-27,47,596600,0.08,47728,Office Supplies,Labels
5143,Order Finished,Alex Russell,2009-01-03,29,244460,0.03,7334,Office Supplies,Pens & Art Supplies
5144,Order Finished,Tom Boeckenhauer,2009-06-04,13,2578254,0.06,154695,Technology,Telephones & Communication
5146,Order Finished,Becky Pak,2010-09-05,47,2248600,0.1,224860,Furniture,Chairs & Chairmats
5149,Order Finished,Alejandro Ballentine,2010-02-06,27,10298120,0.03,308944,Furniture,Chairs & Chairmats
5152,Order Finished,Sibella Parks,2010-12-01,5,236120,0.05,11806,Furniture,Office Furnishings
5153,Order Returned,Alex Russell,2009-04-04,47,456920,0.01,4569,Office Supplies,Labels
5154,Order Finished,Tom Boeckenhauer,2012-07-11,9,2275240,0.05,113762,Furniture,Tables
5155,Order Finished,Becky Pak,2011-12-02,31,1906091,0.02,38122,Technology,Telephones & Communication
5156,Order Finished,Sibella Parks,2011-02-09,50,2889920,0.09,260093,Technology,Computer Peripherals
5159,Order Finished,Alyssa Crouse,2012-11-30,3,425820,0.0,0,Office Supplies,Appliances
5162,Order Finished,Alex Russell,2010-04-02,3,2717552,0.01,27176,Furniture,Tables
5164,Order Finished,Adrian Barton,2012-05-28,22,2478889,0.07,173522,Technology,Telephones & Communication
5168,Order Finished,Catherine Glotzbach,2012-10-31,44,385560,0.06,23134,Office Supplies,Pens & Art Supplies
5169,Order Finished,Alyssa Crouse,2010-09-20,37,642040,0.1,64204,Office Supplies,Appliances
5171,Order Finished,Sibella Parks,2011-03-30,42,8182304,0.05,409115,Technology,Telephones & Communication
5176,Order Finished,Brooke Gillingham,2010-12-31,26,598220,0.05,29911,Office Supplies,Paper
5178,Order Finished,Rick Wilson,2009-07-31,5,284600,0.03,8538,Office Supplies,Binders & Binder Accessories
5179,Order Finished,Becky Pak,2011-10-02,40,15579260,0.08,1246341,Furniture,Chairs & Chairmats
5180,Order Finished,Adam Shillingsburg,2009-06-12,12,10354800,0.06,621288,Technology,Copiers & Fax
5181,Order Finished,Catherine Glotzbach,2012-03-20,42,486120,0.02,9722,Office Supplies,Pens & Art Supplies
5187,Order Finished,Frank Olsen,2012-07-21,10,1257460,0.02,25149,Furniture,Office Furnishings
5189,Order Finished,Catherine Glotzbach,2011-05-03,47,2977720,0.03,89332,Office Supplies,Paper
5190,Order Returned,Sonia Cooley,2010-06-30,26,2100320,0.04,84013,Office Supplies,Paper
5191,Order Finished,Frank Olsen,2009-06-30,42,689140,0.04,27566,Technology,Computer Peripherals
5193,Order Finished,Catherine Glotzbach,2010-01-12,15,2114120,0.08,169130,Office Supplies,Appliances
5201,Order Finished,Alyssa Crouse,2010-03-14,24,2915424,0.03,87463,Furniture,Tables
5205,Order Finished,Adam Shillingsburg,2009-02-22,50,3266740,0.08,261339,Office Supplies,Pens & Art Supplies
5207,Order Finished,Adam Shillingsburg,2009-03-27,7,281180,0.01,2812,Technology,Office Machines
5208,Order Finished,Adam Shillingsburg,2009-06-15,35,315980,0.03,9479,Office Supplies,Binders & Binder Accessories
5209,Order Finished,Cassandra Brandow,2011-04-16,19,435380,0.09,39184,Office Supplies,Appliances
5211,Order Finished,Catherine Glotzbach,2011-11-21,33,250540,0.07,17538,Office Supplies,Binders & Binder Accessories
5212,Order Returned,Becky Pak,2012-08-09,30,21989480,0.09,1979053,Technology,Office Machines
5214,Order Finished,Tom Boeckenhauer,2011-05-07,16,2627280,0.05,131364,Technology,Computer Peripherals
5215,Order Finished,Alex Russell,2010-01-23,47,9049814,0.07,633487,Technology,Telephones & Communication
5216,Order Returned,Sonia Cooley,2012-08-22,43,566360,0.03,16991,Office Supplies,Paper
5217,Order Finished,Sonia Cooley,2010-08-21,31,1902620,0.08,152210,Furniture,Tables
5218,Order Finished,Adam Shillingsburg,2009-08-16,17,2421440,0.05,121072,Furniture,Chairs & Chairmats
5224,Order Returned,Adrian Barton,2011-11-27,3,42733020,0.0,0,Technology,Office Machines
5225,Order Finished,Adam Shillingsburg,2011-01-26,19,184480,0.05,9224,Office Supplies,Binders & Binder Accessories
5228,Order Finished,Jenna Caffey,2011-10-08,35,2955260,0.04,118210,Office Supplies,Appliances
5231,Order Finished,Alejandro Ballentine,2012-01-04,48,904560,0.09,81410,Office Supplies,Pens & Art Supplies
5233,Order Finished,Becky Pak,2012-10-14,10,111320,0.09,10019,Office Supplies,Envelopes
5235,Order Finished,Claire Good,2011-09-26,22,411760,0.08,32941,Technology,Computer Peripherals
5237,Order Finished,Alex Russell,2009-04-09,46,199880,0.07,13992,Technology,Computer Peripherals
5238,Order Finished,Jenna Caffey,2012-03-07,25,334460,0.05,16723,Office Supplies,Paper
5241,Order Finished,Frank Merwin,2010-04-26,43,34259940,0.07,2398196,Office Supplies,Storage & Organization
5242,Order Finished,Cari Sayre,2009-08-21,14,48211740,0.07,3374822,Technology,Office Machines
5243,Order Finished,Alice Mc Carthy,2010-12-17,50,1763300,0.08,141064,Office Supplies,Paper
5245,Order Finished,Bruce Money,2012-02-12,43,1279420,0.01,12794,Furniture,Office Furnishings
5252,Order Finished,Christine Sundaresam,2009-06-01,6,111540,0.04,4462,Office Supplies,Pens & Art Supplies
5255,Order Finished,Bruce Stewart,2009-10-15,35,366900,0.01,3669,Office Supplies,Paper
5256,Order Finished,Maria Bertelson,2011-06-19,27,360920,0.05,18046,Office Supplies,Paper
5260,Order Finished,Ivan Gibson,2009-05-23,40,208780,0.07,14615,Office Supplies,Labels
5263,Order Finished,Doug Bickford,2009-01-03,4,1792980,0.0,0,Technology,Office Machines
5265,Order Finished,Maria Bertelson,2010-06-06,30,321360,0.08,25709,Office Supplies,Labels
5266,Order Finished,Maria Bertelson,2009-02-27,16,3371882,0.07,236032,Technology,Telephones & Communication
5267,Order Finished,Guy Thornton,2011-02-08,42,459760,0.05,22988,Office Supplies,Paper
5269,Order Finished,Maria Bertelson,2012-03-24,8,172760,0.1,17276,Office Supplies,"Scissors, Rulers & Trimmers"
5270,Order Finished,Maria Bertelson,2011-12-30,29,1705500,0.08,136440,Office Supplies,Binders & Binder Accessories
5272,Order Returned,Brian Thompson,2009-05-15,30,1982020,0.01,19820,Technology,Computer Peripherals
5273,Order Finished,Joseph Airdo,2011-03-05,49,28693460,0.04,1147738,Office Supplies,Binders & Binder Accessories
5279,Order Finished,Robert Waldorf,2010-12-15,10,816460,0.06,48988,Technology,Computer Peripherals
5282,Order Finished,Christina Vanderzanden,2009-06-29,24,1423750,0.04,56950,Technology,Telephones & Communication
5283,Order Finished,Christina Vanderzanden,2011-06-06,18,259540,0.01,2595,Office Supplies,Paper
5285,Order Finished,Christina Vanderzanden,2010-06-04,4,934300,0.01,9343,Furniture,Tables
5288,Order Returned,Bruce Stewart,2012-08-28,24,137000,0.07,9590,Office Supplies,Binders & Binder Accessories
5289,Order Returned,Christine Sundaresam,2012-07-10,41,610020,0.05,30501,Office Supplies,Binders & Binder Accessories
5290,Order Returned,Guy Thornton,2011-07-02,14,4171860,0.09,375467,Furniture,Bookcases
5292,Order Finished,Lycoris Saunders,2009-01-21,33,22672740,0.04,906910,Furniture,Chairs & Chairmats
5294,Order Finished,Lycoris Saunders,2011-11-02,21,586540,0.07,41058,Technology,Computer Peripherals
5296,Order Finished,Dorothy Dickinson,2010-07-24,21,303720,0.1,30372,Office Supplies,Binders & Binder Accessories
5297,Order Finished,Mary Zewe,2011-08-03,10,1821960,0.07,127537,Technology,Office Machines
5299,Order Finished,Lycoris Saunders,2011-11-07,32,1232780,0.09,110950,Technology,Computer Peripherals
5300,Order Finished,Lycoris Saunders,2009-02-19,48,3676380,0.03,110291,Technology,Computer Peripherals
5302,Order Finished,Lycoris Saunders,2011-06-16,43,268660,0.07,18806,Office Supplies,Paper
5304,Order Finished,Janet Molinari,2011-04-23,9,2403020,0.1,240302,Office Supplies,Storage & Organization
5305,Order Finished,Liz Thompson,2011-05-31,16,1243860,0.08,99509,Technology,Computer Peripherals
5307,Order Finished,Christine Sundaresam,2012-02-17,49,42282140,0.06,2536928,Technology,Copiers & Fax
5313,Order Finished,Maria Bertelson,2012-03-03,41,3331620,0.06,199897,Office Supplies,Binders & Binder Accessories
5314,Order Finished,Annie Thurman,2009-06-03,15,215720,0.09,19415,Office Supplies,Paper
5315,Order Finished,Annie Thurman,2009-01-10,16,225620,0.02,4512,Office Supplies,Paper
5316,Order Finished,Annie Thurman,2012-05-31,43,554160,0.08,44333,Office Supplies,Paper
5319,Order Returned,Meg O'Connel,2011-05-12,42,542280,0.07,37960,Office Supplies,Paper
5320,Order Returned,Maria Bertelson,2009-09-06,17,216220,0.09,19460,Office Supplies,Paper
5321,Order Finished,Maria Bertelson,2010-06-04,21,173280,0.09,15595,Office Supplies,Binders & Binder Accessories
5322,Order Finished,Robert Waldorf,2012-08-09,11,262240,0.03,7867,Office Supplies,Binders & Binder Accessories
5323,Order Finished,Robert Waldorf,2009-04-23,10,58240,0.08,4659,Office Supplies,Labels
5328,Order Finished,Christina Vanderzanden,2009-04-19,29,4635300,0.0,0,Office Supplies,Appliances
5330,Order Finished,Guy Thornton,2011-11-03,22,6658540,0.05,332927,Furniture,Tables
5333,Order Finished,Meg O'Connel,2010-03-27,43,2676240,0.04,107050,Technology,Computer Peripherals
5339,Order Finished,Bill Eplett,2012-08-01,6,42269420,0.06,2536165,Technology,Office Machines
5340,Order Finished,Bill Eplett,2011-08-21,23,7745740,0.03,232372,Furniture,Chairs & Chairmats
5341,Order Finished,Maria Bertelson,2012-11-02,40,317400,0.04,12696,Office Supplies,Labels
5347,Order Finished,Meg O'Connel,2012-03-21,16,247700,0.09,22293,Office Supplies,Storage & Organization
5348,Order Finished,Meg O'Connel,2012-04-24,7,110760,0.02,2215,Office Supplies,Paper
5350,Order Finished,Doug O'Connell,2009-07-20,34,453660,0.02,9073,Office Supplies,Paper
5351,Order Returned,Doug O'Connell,2012-10-12,15,896140,0.1,89614,Technology,Computer Peripherals
5353,Order Returned,Christina Vanderzanden,2009-01-08,25,43504020,0.03,1305121,Office Supplies,Binders & Binder Accessories
5354,Order Finished,Maria Bertelson,2010-05-07,12,2158380,0.07,151087,Furniture,Office Furnishings
5355,Order Finished,Maria Bertelson,2011-04-08,32,2282740,0.04,91310,Office Supplies,Paper
5358,Order Returned,Ivan Gibson,2009-05-15,34,573800,0.06,34428,Technology,Computer Peripherals
5361,Order Finished,Craig Carroll,2010-05-23,8,1644699,0.1,164470,Technology,Telephones & Communication
5363,Order Finished,Liz Mac Kendrick,2011-04-03,26,246320,0.1,24632,Office Supplies,Paper
5365,Order Finished,Christine Kargatis,2012-01-16,33,7266060,0.09,653945,Office Supplies,Binders & Binder Accessories
5366,Order Finished,Liz Mac Kendrick,2010-09-10,29,2445180,0.02,48904,Technology,Computer Peripherals
5367,Order Finished,Liz Mac Kendrick,2011-09-04,37,5824030,0.09,524163,Technology,Telephones & Communication
5368,Order Finished,Christine Kargatis,2010-08-07,12,163800,0.08,13104,Office Supplies,Paper
5370,Order Finished,Bobby Odegard,2012-03-28,41,1646260,0.0,0,Office Supplies,Binders & Binder Accessories
5372,Order Finished,Russell Applegate,2011-12-27,49,4144240,0.04,165770,Office Supplies,Pens & Art Supplies
5373,Order Finished,Russell Applegate,2009-04-17,2,453764,0.01,4538,Technology,Telephones & Communication
5375,Order Finished,Bill Donatelli,2011-02-22,19,131700,0.07,9219,Office Supplies,Pens & Art Supplies
5378,Order Finished,Bill Donatelli,2011-06-15,21,98460,0.01,985,Office Supplies,Binders & Binder Accessories
5379,Order Finished,Bill Donatelli,2010-04-07,49,1315880,0.09,118429,Office Supplies,Binders & Binder Accessories
5380,Order Finished,Bobby Odegard,2012-10-18,39,486100,0.02,9722,Office Supplies,Paper
5381,Order Finished,Bobby Odegard,2009-10-20,31,3537938,0.0,0,Technology,Telephones & Communication
5384,Order Finished,Bill Donatelli,2012-05-09,22,1527700,0.09,137493,Technology,Computer Peripherals
5385,Order Finished,Bill Donatelli,2009-03-21,30,373580,0.09,33622,Office Supplies,Paper
5387,Order Finished,Bill Donatelli,2010-11-29,37,876140,0.0,0,Office Supplies,Appliances
5388,Order Finished,Duane Benoit,2012-03-30,35,4679280,0.1,467928,Furniture,Tables
5390,Order Finished,Liz Mac Kendrick,2009-10-27,26,5902876,0.0,0,Technology,Telephones & Communication
5391,Order Finished,Bill Donatelli,2011-08-17,13,100380,0.08,8030,Office Supplies,Binders & Binder Accessories
5393,Order Finished,Russell Applegate,2009-02-26,22,368700,0.07,25809,Technology,Computer Peripherals
5396,Order Finished,Bill Donatelli,2010-04-20,20,4044360,0.09,363992,Furniture,Office Furnishings
5400,Order Finished,Bill Donatelli,2010-03-09,23,478980,0.04,19159,Furniture,Office Furnishings
5401,Order Finished,Russell Applegate,2011-04-07,43,1632220,0.04,65289,Office Supplies,Paper
5403,Order Finished,Bill Donatelli,2010-09-17,20,254320,0.1,25432,Office Supplies,Paper
5405,Order Finished,Joel Jenkins,2009-03-06,14,6473600,0.08,517888,Furniture,Tables
5408,Order Finished,Brad Eason,2009-09-04,5,50540,0.01,505,Office Supplies,Appliances
5409,Order Finished,Brad Eason,2012-02-19,42,256260,0.09,23063,Office Supplies,Labels
5411,Order Finished,Russell Applegate,2009-11-13,31,1670220,0.0,0,Furniture,Office Furnishings
5415,Order Finished,Bill Donatelli,2009-07-28,4,26140400,0.07,1829828,Technology,Office Machines
5416,Order Finished,Duane Benoit,2012-09-07,5,990640,0.05,49532,Office Supplies,Appliances
5422,Order Finished,Harold Pawlan,2011-11-05,9,674407,0.09,60697,Technology,Telephones & Communication
5423,Order Finished,Harold Pawlan,2011-02-05,41,34897500,0.06,2093850,Furniture,Tables
5425,Order Finished,Adam Bellavance,2010-11-04,35,419260,0.01,4193,Office Supplies,Pens & Art Supplies
5429,Order Returned,Lisa De Cherney,2010-03-20,48,20925080,0.02,418502,Furniture,Tables
5434,Order Finished,Harold Pawlan,2010-10-02,48,627040,0.05,31352,Office Supplies,Paper
5435,Order Returned,Roy Skaria,2009-03-21,44,5175060,0.02,103501,Technology,Computer Peripherals
5436,Order Returned,Joel Jenkins,2009-01-21,41,624520,0.08,49962,Office Supplies,Binders & Binder Accessories
5439,Order Finished,Sean O'Donnell,2010-02-07,21,219740,0.05,10987,Office Supplies,Paper
5442,Order Returned,Sandra Glassco,2010-05-15,47,560900,0.1,56090,Office Supplies,Paper
5444,Order Finished,Sandra Glassco,2009-03-10,3,37776000,0.09,3399840,Technology,Office Machines
5447,Order Finished,Skye Norling,2010-09-27,26,4537820,0.02,90756,Furniture,Bookcases
5449,Order Finished,Skye Norling,2012-02-02,48,628680,0.03,18860,Office Supplies,Paper
5453,Order Finished,Sandra Glassco,2010-12-21,38,165860,0.08,13269,Office Supplies,Rubber Bands
5455,Order Finished,Sandra Glassco,2009-07-14,30,378080,0.03,11342,Office Supplies,Paper
5459,Order Finished,Corinna Mitchell,2011-07-10,33,11928380,0.1,1192838,Technology,Copiers & Fax
5461,Order Finished,Jas O'Carroll,2010-11-22,9,2837912,0.09,255412,Technology,Telephones & Communication
5463,Order Finished,Jennifer Halladay,2012-08-13,12,429880,0.06,25793,Technology,Computer Peripherals
5464,Order Finished,Jennifer Halladay,2009-09-18,16,176480,0.01,1765,Technology,Computer Peripherals
5467,Order Finished,Pauline Chand,2012-02-01,9,35930900,0.0,0,Technology,Office Machines
5468,Order Finished,Pauline Chand,2010-05-17,39,346940,0.05,17347,Office Supplies,Pens & Art Supplies
5471,Order Finished,Nat Gilpin,2012-01-09,48,227960,0.1,22796,Office Supplies,Rubber Bands
5479,Order Finished,Pauline Chand,2010-03-02,6,51680,0.04,2067,Furniture,Office Furnishings
5480,Order Finished,Pauline Chand,2010-01-11,42,3534940,0.05,176747,Office Supplies,Paper
5482,Order Finished,Philip Brown,2010-06-03,19,122040,0.0,0,Office Supplies,Binders & Binder Accessories
5483,Order Finished,Philip Brown,2012-09-03,6,45780,0.08,3662,Office Supplies,Binders & Binder Accessories
5484,Order Finished,Philip Brown,2010-07-29,46,25439400,0.03,763182,Furniture,Chairs & Chairmats
5485,Order Finished,Michael Nguyen,2010-04-20,26,1123320,0.07,78632,Office Supplies,Binders & Binder Accessories
5487,Order Returned,Philip Brown,2012-12-16,50,3117885,0.02,62358,Technology,Telephones & Communication
5488,Order Finished,Lisa De Cherney,2010-02-04,48,514780,0.08,41182,Office Supplies,Paper
5489,Order Finished,Lisa De Cherney,2012-04-28,36,327080,0.03,9812,Office Supplies,Binders & Binder Accessories
5492,Order Finished,Lisa De Cherney,2010-11-07,23,164240,0.07,11497,Office Supplies,Binders & Binder Accessories
5493,Order Finished,Lisa De Cherney,2009-09-15,49,2977320,0.0,0,Furniture,Office Furnishings
5496,Order Finished,Lisa De Cherney,2011-07-30,41,20142180,0.1,2014218,Technology,Office Machines
5497,Order Finished,Philip Brown,2010-08-09,8,2588080,0.05,129404,Furniture,Bookcases
